ID_Orden,Fecha,Producto,Cliente,Estado,Costo_Produccion,Precio_Venta,Margen
1000,2024-11-23,Libros,Cliente_33,En proceso,35516.88,53907.81,18390.93
1001,2024-07-19,Libros,Cliente_46,En proceso,24838.99,37632.52,12793.529999999995
1002,2024-11-02,Volantes,Cliente_3,Entregado,26115.95,37773.7,11657.749999999996
1003,2024-06-28,Vinilos,Cliente_34,cancelado,33844.21,59758.99,25914.78
1004,2024-09-06,Vinilos,Cliente_8,Entregado,26925.75,43654.88,16729.129999999997
1005,2024-03-21,Vinilo de corte,Cliente_25,cancelado,40342.98,55500.75,15157.769999999997
1006,2024-08-29,Vinilos,Cliente_33,Entregado,39705.41,54250.9,14545.489999999998
1007,2024-01-02,Volantes,Cliente_23,cancelado,13961.15,18544.07,4582.92
1008,2024-04-27,Lonas,Cliente_12,Entregado,23148.83,36490.74,13341.909999999996
1009,2024-04-18,Vinilo de corte,Cliente_20,cancelado,26972.13,44555.14,17583.01
1010,2024-04-11,Vinilos,Cliente_5,Entregado,35000.26,57225.08,22224.82
1011,2024-02-01,Tarjetas,Cliente_8,Entregado,37709.33,66157.86,28448.53
1012,2024-10-13,Libros,Cliente_32,Entregado,38797.56,69590.47,30792.910000000003
1013,2024-08-02,Lonas,Cliente_7,Entregado,5451.52,8141.67,2690.1499999999996
1014,2024-11-05,Vinilos,Cliente_39,En proceso,24416.71,36559.29,12142.580000000002
1015,2024-10-29,Vinilos,Cliente_2,Entregado,29609.74,39461.32,9851.579999999998
1016,2024-07-13,Vinilos,Cliente_25,En proceso,27940.88,49457.09,21516.209999999995
1017,2024-06-16,Libros,Cliente_33,Entregado,9478.81,14570.38,5091.57
1018,2024-01-18,Vinilos,Cliente_6,Entregado,24872.14,41389.38,16517.239999999998
1019,2024-01-14,Vinilos,Cliente_37,cancelado,20767.84,31643.91,10876.07
1020,2024-06-03,Libros,Cliente_25,Entregado,11016.61,15233.87,4217.26
1021,2024-08-20,Tarjetas,Cliente_47,En proceso,37930.31,60660.69,22730.380000000005
1022,2024-02-01,Libros,Cliente_32,cancelado,16659.38,22160.04,5500.66
1023,2024-12-28,Vinilo de corte,Cliente_23,Entregado,33236.18,51020.97,17784.79
1024,2024-02-10,Vinilo de corte,Cliente_50,Entregado,14943.43,21138.79,6195.360000000001
1025,2024-08-30,Vinilos,Cliente_21,Entregado,5118.92,8414.29,3295.370000000001
1026,2024-01-09,Vinilos,Cliente_19,En proceso,35735.37,51398.88,15663.509999999995
1027,2024-02-25,Libros,Cliente_49,Entregado,44932.29,61753.18,16820.89
1028,2024-05-19,Vinilos,Cliente_12,Entregado,17856.25,27700.8,9844.55
1029,2024-02-07,Libros,Cliente_22,Entregado,33282.19,51853.07,18570.879999999997
1030,2024-04-05,Vinilo de corte,Cliente_34,Entregado,15167.11,22422.84,7255.73
1031,2024-11-07,Libros,Cliente_10,Entregado,10857.37,19166.52,8309.15
1032,2024-03-30,Vinilos,Cliente_14,Entregado,29054.58,48005.24,18950.659999999996
1033,2024-12-01,Vinilo de corte,Cliente_9,cancelado,30404.86,49678.23,19273.370000000003
1034,2024-07-11,Vinilos,Cliente_23,En proceso,40046.63,57933.73,17887.100000000006
1035,2024-05-27,Vinilo de corte,Cliente_26,Entregado,39286.57,52168.64,12882.07
1036,2024-05-15,Tarjetas,Cliente_31,Entregado,12217.09,20386.33,8169.240000000002
1037,2024-09-23,Volantes,Cliente_4,Entregado,33659.54,44588.08,10928.54
1038,2024-02-26,Tarjetas,Cliente_11,cancelado,28084.31,41706.31,13621.999999999996
1039,2024-04-17,Vinilo de corte,Cliente_39,Entregado,43916.93,75432.19,31515.260000000002
1040,2024-03-18,Libros,Cliente_40,Entregado,15426.76,25051.11,9624.35
1041,2024-05-13,Tarjetas,Cliente_1,En proceso,34865.16,57843.29,22978.129999999997
1042,2024-11-14,Volantes,Cliente_41,cancelado,32746.67,46183.3,13436.630000000005
1043,2024-12-01,Volantes,Cliente_12,Entregado,10969.35,16076.73,5107.379999999999
1044,2024-04-26,Vinilo de corte,Cliente_12,Entregado,39307.67,51249.3,11941.630000000005
1045,2024-09-30,Volantes,Cliente_39,Entregado,17554.33,25179.59,7625.259999999998
1046,2024-05-08,Libros,Cliente_25,Entregado,28280.9,38263.52,9982.619999999995
1047,2024-03-19,Lonas,Cliente_29,Entregado,14331.22,19309.96,4978.74
1048,2024-01-12,Vinilos,Cliente_24,cancelado,18223.99,31148.13,12924.14
1049,2024-08-18,Volantes,Cliente_47,Entregado,47324.35,80870.31,33545.96
1050,2024-08-15,Libros,Cliente_21,cancelado,33195.51,47056.75,13861.239999999998
1051,2024-12-29,Tarjetas,Cliente_5,Entregado,18914.41,28066.02,9151.61
1052,2024-09-23,Vinilo de corte,Cliente_39,Entregado,49430.06,83702.59,34272.53
1053,2024-11-02,Vinilo de corte,Cliente_37,Entregado,39089.21,57314.08,18224.870000000003
1054,2024-07-21,Vinilo de corte,Cliente_21,Entregado,7736.27,11920.54,4184.27
1055,2024-03-09,Vinilos,Cliente_47,En proceso,14044.99,22592.33,8547.340000000002
1056,2024-03-11,Vinilo de corte,Cliente_36,Entregado,11164.17,15621.69,4457.52
1057,2024-04-10,Vinilo de corte,Cliente_42,Entregado,16200.48,24924.79,8724.310000000001
1058,2024-03-28,Lonas,Cliente_20,Entregado,11814.02,17423.47,5609.450000000001
1059,2024-01-06,Libros,Cliente_37,Entregado,34398.88,47529.71,13130.830000000002
1060,2024-01-20,Tarjetas,Cliente_32,Entregado,18018.05,31437.19,13419.14
1061,2024-07-14,Volantes,Cliente_30,Entregado,5326.51,7645.39,2318.88
1062,2024-12-21,Lonas,Cliente_18,Entregado,27417.01,38210.12,10793.110000000004
1063,2024-03-28,Vinilo de corte,Cliente_43,Entregado,43865.28,67197.45,23332.17
1064,2024-06-19,Volantes,Cliente_10,Entregado,34819.73,45382.12,10562.39
1065,2024-09-04,Libros,Cliente_27,En proceso,29478.06,45603.38,16125.319999999996
1066,2024-05-19,Vinilo de corte,Cliente_45,Entregado,42367.52,75364.45,32996.93
1067,2024-02-06,Libros,Cliente_48,Entregado,48176.16,66009.9,17833.73999999999
1068,2024-05-08,Vinilo de corte,Cliente_12,Entregado,21089.43,33466.35,12376.919999999998
1069,2024-01-14,Vinilo de corte,Cliente_41,En proceso,15329.03,25011.72,9682.69
1070,2024-10-14,Vinilo de corte,Cliente_40,Entregado,32287.91,51836.93,19549.02
1071,2024-12-14,Tarjetas,Cliente_30,cancelado,39068.61,61797.27,22728.659999999996
1072,2024-06-12,Vinilo de corte,Cliente_22,cancelado,46265.05,60926.57,14661.519999999997
1073,2024-01-17,Volantes,Cliente_32,Entregado,19220.12,32350.87,13130.75
1074,2024-08-25,Volantes,Cliente_10,Entregado,42409.29,63740.11,21330.82
1075,2024-04-26,Tarjetas,Cliente_1,Entregado,29650.38,49820.77,20170.389999999996
1076,2024-05-16,Tarjetas,Cliente_15,En proceso,48393.82,79105.67,30711.85
1077,2024-12-30,Lonas,Cliente_43,Entregado,46752.21,76299.02,29546.810000000005
1078,2024-03-23,Lonas,Cliente_41,Entregado,37607.33,49690.54,12083.21
1079,2024-04-05,Volantes,Cliente_43,cancelado,5173.48,7491.11,2317.63
1080,2024-10-17,Volantes,Cliente_2,Entregado,25925.39,45527.08,19601.690000000002
1081,2024-10-19,Libros,Cliente_12,Entregado,13770.83,22054.77,8283.94
1082,2024-08-29,Tarjetas,Cliente_11,cancelado,35186.25,61196.16,26009.910000000003
1083,2024-10-12,Vinilo de corte,Cliente_36,Entregado,20352.67,34107.75,13755.080000000002
1084,2024-03-10,Volantes,Cliente_37,En proceso,8739.76,13929.76,5190.0
1085,2024-08-31,Vinilos,Cliente_8,Entregado,10576.86,15015.31,4438.449999999999
1086,2024-10-16,Volantes,Cliente_47,Entregado,14803.02,23144.91,8341.89
1087,2024-09-19,Vinilos,Cliente_32,cancelado,23475.27,31953.85,8478.579999999998
1088,2024-04-13,Volantes,Cliente_43,Entregado,23639.94,40220.54,16580.600000000002
1089,2024-04-18,Libros,Cliente_6,En proceso,44096.33,74433.15,30336.819999999992
1090,2024-11-20,Libros,Cliente_24,cancelado,43448.28,67715.3,24267.020000000004
1091,2024-02-05,Libros,Cliente_31,Entregado,39310.96,54992.55,15681.590000000004
1092,2024-04-25,Vinilos,Cliente_29,Entregado,18760.25,28776.08,10015.830000000002
1093,2024-03-13,Volantes,Cliente_37,Entregado,38831.99,66038.09,27206.1
1094,2024-07-09,Volantes,Cliente_48,cancelado,10209.23,14083.68,3874.4500000000007
1095,2024-07-30,Volantes,Cliente_49,En proceso,38043.18,65534.62,27491.440000000002
1096,2024-09-19,Volantes,Cliente_38,Entregado,20881.15,28174.1,7292.949999999997
1097,2024-10-26,Vinilos,Cliente_22,cancelado,14029.26,23239.37,9210.109999999999
1098,2024-06-27,Volantes,Cliente_13,Entregado,13788.19,20780.54,6992.35
1099,2024-12-16,Vinilos,Cliente_14,Entregado,16928.37,24274.62,7346.25
1100,2024-09-16,Libros,Cliente_17,cancelado,15326.91,26171.78,10844.869999999999
1101,2024-11-17,Lonas,Cliente_37,Entregado,11717.78,16707.01,4989.229999999998
1102,2024-02-07,Vinilo de corte,Cliente_29,Entregado,14387.58,21531.48,7143.9
1103,2024-06-17,Volantes,Cliente_34,Entregado,21315.82,36647.66,15331.840000000004
1104,2024-08-31,Volantes,Cliente_36,En proceso,48564.46,66010.68,17446.219999999994
1105,2024-04-23,Volantes,Cliente_4,Entregado,18675.03,28510.94,9835.91
1106,2024-10-06,Libros,Cliente_49,Entregado,20750.44,32525.99,11775.550000000003
1107,2024-08-14,Volantes,Cliente_40,Entregado,15419.68,26849.65,11429.970000000001
1108,2024-10-06,Lonas,Cliente_35,cancelado,19076.84,29236.44,10159.599999999999
1109,2024-07-14,Tarjetas,Cliente_38,cancelado,18215.99,32394.5,14178.509999999998
1110,2024-11-16,Libros,Cliente_1,Entregado,47897.0,82309.69,34412.69
1111,2024-08-23,Lonas,Cliente_27,En proceso,6945.77,9967.08,3021.3099999999995
1112,2024-09-16,Libros,Cliente_5,Entregado,45555.57,80913.44,35357.87
1113,2024-03-28,Vinilos,Cliente_22,cancelado,46909.47,75610.97,28701.5
1114,2024-02-12,Tarjetas,Cliente_46,cancelado,37581.06,56314.17,18733.11
1115,2024-06-08,Lonas,Cliente_50,Entregado,34197.17,45866.38,11669.21
1116,2024-09-18,Vinilos,Cliente_48,cancelado,10953.88,18399.6,7445.719999999999
1117,2024-04-05,Vinilo de corte,Cliente_14,En proceso,24683.18,42148.76,17465.58
1118,2024-07-30,Volantes,Cliente_18,Entregado,18026.59,26611.49,8584.900000000001
1119,2024-12-25,Lonas,Cliente_30,En proceso,21620.7,37496.66,15875.960000000003
1120,2024-12-03,Lonas,Cliente_2,En proceso,15844.68,21693.69,5849.009999999998
1121,2024-11-09,Lonas,Cliente_34,Entregado,21284.23,32153.3,10869.07
1122,2024-07-01,Libros,Cliente_23,Entregado,42344.46,60350.71,18006.25
1123,2024-12-22,Volantes,Cliente_40,cancelado,9257.29,15919.0,6661.709999999999
1124,2024-10-02,Lonas,Cliente_38,Entregado,47767.18,79622.57,31855.390000000007
1125,2024-06-24,Vinilos,Cliente_31,En proceso,35474.54,56821.98,21347.440000000002
1126,2024-02-08,Vinilo de corte,Cliente_1,Entregado,24882.76,35951.15,11068.390000000003
1127,2024-03-21,Vinilo de corte,Cliente_30,Entregado,42048.15,70874.67,28826.519999999997
1128,2024-11-07,Lonas,Cliente_7,En proceso,34344.5,57164.2,22819.699999999997
1129,2024-08-25,Vinilo de corte,Cliente_11,Entregado,44039.83,73544.67,29504.839999999997
1130,2024-08-01,Tarjetas,Cliente_42,Entregado,33029.7,53223.87,20194.170000000006
1131,2024-07-13,Lonas,Cliente_31,Entregado,9965.0,15645.42,5680.42
1132,2024-01-07,Vinilos,Cliente_41,Entregado,29742.73,50983.36,21240.63
1133,2024-07-23,Vinilo de corte,Cliente_16,Entregado,29149.66,38244.36,9094.7
1134,2024-02-21,Libros,Cliente_10,Entregado,27321.3,43584.91,16263.610000000004
1135,2024-08-22,Vinilo de corte,Cliente_3,Entregado,47442.67,75152.69,27710.020000000004
1136,2024-10-25,Vinilos,Cliente_24,Entregado,8080.19,13661.14,5580.95
1137,2024-12-06,Libros,Cliente_16,cancelado,20313.05,33536.2,13223.149999999998
1138,2024-05-18,Vinilos,Cliente_35,Entregado,40332.17,58963.04,18630.870000000003
1139,2024-12-28,Vinilo de corte,Cliente_42,cancelado,23807.44,41554.73,17747.290000000005
1140,2024-01-13,Vinilo de corte,Cliente_33,Entregado,18286.16,31450.22,13164.060000000001
1141,2024-12-29,Tarjetas,Cliente_27,Entregado,20647.63,27317.94,6670.309999999998
1142,2024-09-20,Libros,Cliente_42,Entregado,6190.1,10707.79,4517.6900000000005
1143,2024-02-04,Volantes,Cliente_44,Entregado,22624.4,37472.78,14848.379999999997
1144,2024-11-16,Tarjetas,Cliente_18,Entregado,15454.17,27370.39,11916.22
1145,2024-03-23,Volantes,Cliente_14,Entregado,30796.05,42075.46,11279.41
1146,2024-07-11,Volantes,Cliente_13,Entregado,42556.09,60826.97,18270.880000000005
1147,2024-06-28,Lonas,Cliente_44,En proceso,24638.37,33858.17,9219.8
1148,2024-09-03,Libros,Cliente_43,En proceso,21120.35,30345.82,9225.470000000001
1149,2024-08-30,Vinilos,Cliente_12,Entregado,22443.06,33515.2,11072.139999999996
1150,2024-02-18,Tarjetas,Cliente_45,cancelado,36102.74,54059.47,17956.730000000003
1151,2024-08-29,Libros,Cliente_26,Entregado,29476.71,51668.16,22191.450000000004
1152,2024-12-21,Tarjetas,Cliente_14,Entregado,15509.3,25102.62,9593.32
1153,2024-09-24,Lonas,Cliente_17,En proceso,34265.98,51090.93,16824.949999999997
1154,2024-03-15,Volantes,Cliente_5,cancelado,44038.33,70134.37,26096.039999999994
1155,2024-12-23,Tarjetas,Cliente_33,En proceso,22475.36,35667.01,13191.650000000001
1156,2024-06-10,Libros,Cliente_28,Entregado,34895.01,59845.65,24950.64
1157,2024-04-10,Vinilo de corte,Cliente_36,Entregado,36373.94,55155.15,18781.21
1158,2024-01-14,Tarjetas,Cliente_45,Entregado,29756.22,40413.9,10657.68
1159,2024-04-01,Lonas,Cliente_1,En proceso,48534.62,84001.29,35466.66999999999
1160,2024-03-14,Libros,Cliente_48,En proceso,22570.9,35286.67,12715.769999999997
1161,2024-01-27,Vinilo de corte,Cliente_43,cancelado,32615.65,53153.17,20537.519999999997
1162,2024-12-31,Lonas,Cliente_32,Entregado,14865.03,21367.79,6502.76
1163,2024-12-08,Vinilos,Cliente_3,Entregado,8785.54,15551.74,6766.199999999999
1164,2024-03-20,Vinilos,Cliente_38,cancelado,9804.09,13486.82,3682.7299999999996
1165,2024-09-14,Vinilos,Cliente_42,En proceso,47846.98,63369.2,15522.219999999994
1166,2024-06-12,Vinilo de corte,Cliente_8,Entregado,29624.02,50289.22,20665.2
1167,2024-10-21,Lonas,Cliente_12,Entregado,5090.77,7026.24,1935.4699999999993
1168,2024-08-06,Libros,Cliente_8,Entregado,44920.38,58545.01,13624.630000000005
1169,2024-10-22,Vinilos,Cliente_40,cancelado,34026.54,58187.51,24160.97
1170,2024-01-20,Vinilo de corte,Cliente_33,Entregado,12945.29,18804.14,5858.8499999999985
1171,2024-06-11,Vinilo de corte,Cliente_18,Entregado,46465.88,74008.08,27542.200000000004
1172,2024-05-18,Lonas,Cliente_8,Entregado,28224.61,44426.6,16201.989999999998
1173,2024-01-08,Vinilo de corte,Cliente_37,cancelado,12713.38,19940.26,7226.879999999999
1174,2024-05-19,Volantes,Cliente_39,En proceso,32730.07,48707.58,15977.510000000002
1175,2024-12-21,Libros,Cliente_4,Entregado,34055.38,60769.06,26713.68
1176,2024-09-23,Vinilo de corte,Cliente_15,Entregado,24238.33,33587.12,9348.79
1177,2024-12-22,Volantes,Cliente_42,Entregado,44702.45,77522.79,32820.34
1178,2024-09-06,Tarjetas,Cliente_30,Entregado,28244.08,48896.35,20652.269999999997
1179,2024-09-28,Volantes,Cliente_16,Entregado,12745.15,21621.22,8876.070000000002
1180,2024-07-27,Vinilos,Cliente_49,Entregado,45417.09,81289.43,35872.34
1181,2024-01-04,Lonas,Cliente_21,Entregado,32274.61,48131.62,15857.010000000002
1182,2024-07-17,Libros,Cliente_26,Entregado,13411.58,23475.43,10063.85
1183,2024-02-13,Tarjetas,Cliente_43,Entregado,18152.35,25400.44,7248.09
1184,2024-11-25,Volantes,Cliente_19,Entregado,30689.02,40503.36,9814.34
1185,2024-09-14,Vinilo de corte,Cliente_41,Entregado,35802.48,59508.3,23705.82
1186,2024-10-18,Lonas,Cliente_23,En proceso,11630.29,19694.2,8063.91
1187,2024-06-14,Tarjetas,Cliente_20,Entregado,21934.01,34801.98,12867.970000000005
1188,2024-07-04,Tarjetas,Cliente_22,cancelado,22930.9,36909.38,13978.479999999996
1189,2024-12-06,Volantes,Cliente_21,Entregado,35563.27,47336.52,11773.25
1190,2024-08-25,Volantes,Cliente_23,Entregado,46352.99,60914.8,14561.810000000005
1191,2024-06-10,Volantes,Cliente_32,cancelado,47771.99,65070.25,17298.260000000002
1192,2024-12-14,Vinilos,Cliente_34,Entregado,28395.34,49538.8,21143.460000000003
1193,2024-05-20,Vinilos,Cliente_5,Entregado,43844.67,63893.02,20048.35
1194,2024-12-22,Vinilo de corte,Cliente_2,Entregado,40035.65,59653.69,19618.04
1195,2024-03-16,Vinilos,Cliente_37,Entregado,43190.61,60001.28,16810.67
1196,2024-04-17,Libros,Cliente_31,Entregado,30788.84,43009.8,12220.960000000003
1197,2024-05-03,Vinilos,Cliente_31,Entregado,45888.11,72199.35,26311.240000000005
1198,2024-12-21,Tarjetas,Cliente_39,cancelado,7550.0,12384.19,4834.1900000000005
1199,2024-10-13,Tarjetas,Cliente_1,En proceso,42898.33,56554.3,13655.970000000001
1200,2024-01-16,Vinilo de corte,Cliente_42,Entregado,26651.14,42683.51,16032.370000000003
1201,2024-08-05,Libros,Cliente_49,cancelado,27849.99,39196.71,11346.719999999998
1202,2024-11-06,Lonas,Cliente_43,Entregado,24954.87,35140.22,10185.350000000002
1203,2024-12-15,Libros,Cliente_22,Entregado,46432.36,71295.36,24863.0
1204,2024-10-13,Vinilo de corte,Cliente_37,Entregado,26147.61,36191.42,10043.809999999998
1205,2024-07-07,Tarjetas,Cliente_17,En proceso,19010.54,26100.25,7089.709999999999
1206,2024-04-02,Vinilos,Cliente_45,cancelado,27116.68,47560.81,20444.129999999997
1207,2024-10-06,Volantes,Cliente_35,Entregado,14511.22,25855.77,11344.550000000001
1208,2024-07-17,Tarjetas,Cliente_9,Entregado,10632.72,15190.11,4557.390000000001
1209,2024-09-12,Vinilo de corte,Cliente_17,cancelado,36470.88,47658.66,11187.780000000006
1210,2024-02-14,Vinilo de corte,Cliente_23,Entregado,13143.68,21772.27,8628.59
1211,2024-06-10,Volantes,Cliente_18,Entregado,30205.44,49990.08,19784.640000000003
1212,2024-03-28,Lonas,Cliente_47,Entregado,48642.53,80809.6,32167.070000000007
1213,2024-03-02,Lonas,Cliente_22,cancelado,35428.11,61967.16,26539.050000000003
1214,2024-05-21,Tarjetas,Cliente_43,En proceso,20384.01,27139.42,6755.41
1215,2024-02-19,Libros,Cliente_17,Entregado,24618.64,35029.15,10410.510000000002
1216,2024-03-07,Vinilos,Cliente_49,cancelado,9047.45,12532.75,3485.2999999999993
1217,2024-04-16,Vinilos,Cliente_5,Entregado,35409.55,57164.8,21755.25
1218,2024-04-24,Libros,Cliente_38,Entregado,42072.98,55357.86,13284.879999999997
1219,2024-10-23,Lonas,Cliente_29,Entregado,12475.74,22029.42,9553.679999999998
1220,2024-09-17,Volantes,Cliente_32,Entregado,48685.45,83430.18,34744.729999999996
1221,2024-05-31,Vinilos,Cliente_47,Entregado,21221.21,29648.28,8427.07
1222,2024-06-28,Vinilo de corte,Cliente_6,Entregado,15377.9,23955.16,8577.26
1223,2024-07-02,Volantes,Cliente_8,Entregado,23070.87,39246.5,16175.630000000001
1224,2024-08-16,Vinilo de corte,Cliente_6,Entregado,40465.91,59038.94,18573.03
1225,2024-07-03,Vinilos,Cliente_16,Entregado,43312.69,57155.08,13842.39
1226,2024-04-28,Vinilo de corte,Cliente_16,Entregado,49571.25,85786.76,36215.509999999995
1227,2024-07-20,Vinilos,Cliente_17,Entregado,6675.36,11012.36,4337.000000000001
1228,2024-10-26,Volantes,Cliente_24,cancelado,22501.52,36888.7,14387.179999999997
1229,2024-03-30,Vinilos,Cliente_22,Entregado,40904.21,61951.84,21047.629999999997
1230,2024-11-14,Volantes,Cliente_38,cancelado,46805.08,63682.08,16877.0
1231,2024-03-31,Vinilo de corte,Cliente_42,Entregado,22706.64,29886.58,7179.940000000002
1232,2024-09-07,Lonas,Cliente_5,En proceso,35560.14,56257.34,20697.199999999997
1233,2024-11-07,Lonas,Cliente_45,En proceso,19292.96,34035.88,14742.919999999998
1234,2024-11-16,Lonas,Cliente_38,Entregado,26888.95,48161.26,21272.31
1235,2024-09-25,Lonas,Cliente_39,En proceso,23672.8,41838.92,18166.12
1236,2024-07-03,Libros,Cliente_25,Entregado,10868.98,17704.11,6835.130000000001
1237,2024-09-26,Libros,Cliente_14,cancelado,40551.3,66373.32,25822.020000000004
1238,2024-09-03,Vinilo de corte,Cliente_41,cancelado,21523.75,35007.0,13483.25
1239,2024-01-04,Volantes,Cliente_16,Entregado,25645.06,35202.26,9557.2
1240,2024-04-02,Vinilo de corte,Cliente_16,Entregado,45139.55,69475.23,24335.679999999993
1241,2024-02-21,Tarjetas,Cliente_8,Entregado,12877.03,19904.9,7027.870000000001
1242,2024-04-25,Tarjetas,Cliente_46,cancelado,42714.4,56676.14,13961.739999999998
1243,2024-12-31,Lonas,Cliente_47,Entregado,40481.15,55920.89,15439.739999999998
1244,2024-01-25,Volantes,Cliente_1,cancelado,47662.21,76901.95,29239.739999999998
1245,2024-11-02,Tarjetas,Cliente_27,Entregado,29072.16,38279.74,9207.579999999998
1246,2024-03-23,Vinilo de corte,Cliente_35,Entregado,13299.72,23587.72,10288.000000000002
1247,2024-09-27,Libros,Cliente_37,En proceso,41295.75,67480.77,26185.020000000004
1248,2024-04-22,Lonas,Cliente_43,Entregado,31279.07,51167.36,19888.29
1249,2024-09-17,Lonas,Cliente_1,Entregado,40957.87,67021.01,26063.139999999992
1250,2024-04-18,Volantes,Cliente_4,cancelado,18645.35,32381.16,13735.810000000001
1251,2024-12-18,Vinilo de corte,Cliente_4,Entregado,17740.57,24068.66,6328.09
1252,2024-04-07,Vinilos,Cliente_11,Entregado,9674.36,13696.98,4022.619999999999
1253,2024-11-25,Vinilos,Cliente_24,Entregado,40783.71,64439.37,23655.660000000003
1254,2024-02-14,Vinilos,Cliente_6,Entregado,5566.38,7509.78,1943.3999999999996
1255,2024-01-28,Lonas,Cliente_15,Entregado,36319.94,64789.07,28469.129999999997
1256,2024-06-17,Vinilos,Cliente_43,Entregado,39005.46,52054.38,13048.919999999998
1257,2024-05-28,Volantes,Cliente_49,Entregado,46519.31,79826.07,33306.76000000001
1258,2024-03-13,Volantes,Cliente_42,cancelado,20985.91,32385.18,11399.27
1259,2024-12-21,Libros,Cliente_41,cancelado,40622.28,63802.25,23179.97
1260,2024-12-07,Libros,Cliente_24,En proceso,14044.51,18769.27,4724.76
1261,2024-10-26,Volantes,Cliente_30,Entregado,8918.11,13733.51,4815.4
1262,2024-11-02,Vinilo de corte,Cliente_3,Entregado,11430.78,17547.25,6116.469999999999
1263,2024-05-18,Lonas,Cliente_14,cancelado,12062.07,20044.6,7982.529999999999
1264,2024-04-20,Lonas,Cliente_4,Entregado,25838.75,39853.64,14014.89
1265,2024-11-19,Volantes,Cliente_24,cancelado,45964.75,65517.11,19552.36
1266,2024-07-26,Tarjetas,Cliente_43,Entregado,21720.28,34379.3,12659.020000000004
1267,2024-01-18,Lonas,Cliente_15,cancelado,11160.36,17705.03,6544.669999999998
1268,2024-09-08,Vinilos,Cliente_39,En proceso,39838.35,61792.1,21953.75
1269,2024-09-30,Vinilos,Cliente_6,cancelado,35127.17,50098.53,14971.36
1270,2024-06-28,Libros,Cliente_36,Entregado,26996.1,41492.03,14495.93
1271,2024-05-06,Vinilo de corte,Cliente_11,Entregado,32728.55,51316.64,18588.09
1272,2024-09-26,Libros,Cliente_39,Entregado,28943.78,48242.83,19299.050000000003
1273,2024-11-29,Vinilos,Cliente_43,Entregado,28467.5,39944.01,11476.510000000002
1274,2024-03-02,Vinilo de corte,Cliente_49,cancelado,30243.63,46592.67,16349.039999999997
1275,2024-07-09,Vinilo de corte,Cliente_47,Entregado,21492.52,33974.76,12482.240000000002
1276,2024-11-12,Vinilos,Cliente_12,En proceso,8860.91,14946.98,6086.07
1277,2024-02-11,Volantes,Cliente_46,Entregado,39363.97,63708.19,24344.22
1278,2024-11-12,Vinilos,Cliente_11,En proceso,23001.02,39117.04,16116.02
1279,2024-01-02,Vinilo de corte,Cliente_9,Entregado,40928.12,63013.86,22085.739999999998
1280,2024-11-16,Libros,Cliente_20,Entregado,38505.41,51017.61,12512.199999999997
1281,2024-05-23,Lonas,Cliente_36,Entregado,20593.31,35851.81,15258.499999999996
1282,2024-11-23,Vinilos,Cliente_42,En proceso,33629.01,50744.28,17115.269999999997
1283,2024-03-10,Volantes,Cliente_4,Entregado,47772.04,79011.62,31239.579999999994
1284,2024-04-06,Lonas,Cliente_26,cancelado,31781.63,44103.58,12321.95
1285,2024-10-07,Lonas,Cliente_25,En proceso,36572.63,50684.37,14111.740000000005
1286,2024-01-11,Vinilo de corte,Cliente_25,Entregado,45899.44,62864.67,16965.229999999996
1287,2024-07-10,Lonas,Cliente_44,cancelado,14009.24,19496.51,5487.269999999999
1288,2024-09-29,Volantes,Cliente_25,cancelado,34371.58,50886.57,16514.989999999998
1289,2024-12-22,Tarjetas,Cliente_50,Entregado,33815.03,49625.04,15810.010000000002
1290,2024-05-09,Lonas,Cliente_29,En proceso,12892.22,17144.88,4252.660000000002
1291,2024-02-12,Libros,Cliente_23,Entregado,14098.9,24897.08,10798.180000000002
1292,2024-07-25,Lonas,Cliente_43,Entregado,43012.06,62288.59,19276.53
1293,2024-09-18,Tarjetas,Cliente_20,Entregado,6096.27,8822.95,2726.6800000000003
1294,2024-05-26,Vinilos,Cliente_21,Entregado,28753.04,51137.28,22384.239999999998
1295,2024-12-13,Libros,Cliente_31,Entregado,26460.82,46757.99,20297.17
1296,2024-10-03,Vinilo de corte,Cliente_3,cancelado,17906.56,24569.41,6662.8499999999985
1297,2024-10-27,Tarjetas,Cliente_15,Entregado,13565.9,22773.99,9208.090000000002
1298,2024-10-28,Libros,Cliente_10,cancelado,44997.94,63862.5,18864.559999999998
1299,2024-12-06,Libros,Cliente_30,cancelado,46244.97,79685.0,33440.03
1300,2024-11-10,Vinilos,Cliente_8,Entregado,44319.86,71640.9,27321.039999999994
1301,2024-08-09,Vinilos,Cliente_9,Entregado,9112.35,16283.77,7171.42
1302,2024-10-21,Vinilo de corte,Cliente_6,Entregado,17163.1,23228.27,6065.170000000002
1303,2024-01-08,Vinilos,Cliente_47,Entregado,25355.06,44752.19,19397.13
1304,2024-12-14,Libros,Cliente_42,En proceso,38510.61,51841.01,13330.400000000001
1305,2024-03-17,Libros,Cliente_8,Entregado,15472.2,20368.26,4896.059999999998
1306,2024-09-18,Vinilos,Cliente_6,Entregado,9883.73,13875.5,3991.7700000000004
1307,2024-03-08,Volantes,Cliente_2,cancelado,49108.11,81218.28,32110.17
1308,2024-11-20,Volantes,Cliente_37,Entregado,46904.34,70808.65,23904.309999999998
1309,2024-09-22,Libros,Cliente_25,Entregado,17364.09,27334.92,9970.829999999998
1310,2024-05-23,Vinilos,Cliente_32,Entregado,37222.45,64322.69,27100.240000000005
1311,2024-10-04,Volantes,Cliente_28,Entregado,24520.96,34667.82,10146.86
1312,2024-07-30,Libros,Cliente_19,Entregado,41475.65,54430.65,12955.0
1313,2024-05-07,Tarjetas,Cliente_5,cancelado,33964.96,60107.69,26142.730000000003
1314,2024-07-02,Tarjetas,Cliente_13,En proceso,22608.8,36413.74,13804.939999999999
1315,2024-11-28,Vinilo de corte,Cliente_3,Entregado,9574.34,17006.49,7432.1500000000015
1316,2024-09-04,Volantes,Cliente_30,En proceso,26459.22,40081.0,13621.779999999999
1317,2024-04-12,Tarjetas,Cliente_26,Entregado,47995.44,62642.12,14646.68
1318,2024-06-15,Libros,Cliente_34,Entregado,23200.69,35634.97,12434.280000000002
1319,2024-07-02,Libros,Cliente_33,En proceso,35071.22,54695.06,19623.839999999997
1320,2024-08-19,Tarjetas,Cliente_12,cancelado,24467.04,39130.25,14663.21
1321,2024-05-06,Vinilos,Cliente_47,cancelado,7199.12,11812.19,4613.070000000001
1322,2024-07-12,Volantes,Cliente_9,Entregado,48270.0,69239.92,20969.92
1323,2024-11-07,Vinilo de corte,Cliente_22,cancelado,6132.0,9508.63,3376.629999999999
1324,2024-12-19,Tarjetas,Cliente_34,Entregado,15053.77,26036.96,10983.189999999999
1325,2024-02-12,Vinilo de corte,Cliente_46,Entregado,33647.37,51300.9,17653.53
1326,2024-05-22,Vinilos,Cliente_32,cancelado,37521.05,53189.75,15668.699999999997
1327,2024-05-15,Volantes,Cliente_16,cancelado,36623.05,50630.9,14007.849999999999
1328,2024-04-08,Libros,Cliente_16,cancelado,45818.68,68945.01,23126.329999999994
1329,2024-08-11,Volantes,Cliente_41,Entregado,25543.94,42290.67,16746.73
1330,2024-05-10,Libros,Cliente_21,cancelado,11456.85,20586.05,9129.199999999999
1331,2024-10-15,Volantes,Cliente_44,Entregado,41164.91,55122.07,13957.159999999996
1332,2024-12-03,Libros,Cliente_16,Entregado,37230.08,63672.92,26442.839999999997
1333,2024-04-22,Tarjetas,Cliente_39,Entregado,42171.04,67248.23,25077.189999999995
1334,2024-11-02,Lonas,Cliente_24,cancelado,20188.76,35706.98,15518.220000000005
1335,2024-02-12,Libros,Cliente_19,Entregado,47669.84,65792.58,18122.740000000005
1336,2024-06-27,Vinilo de corte,Cliente_25,Entregado,38133.44,54885.68,16752.239999999998
1337,2024-09-29,Tarjetas,Cliente_45,Entregado,12597.64,20230.41,7632.77
1338,2024-05-31,Vinilos,Cliente_35,Entregado,11951.53,16724.07,4772.539999999999
1339,2024-08-24,Vinilos,Cliente_3,Entregado,34602.69,54691.79,20089.1
1340,2024-03-10,Volantes,Cliente_50,Entregado,42296.95,60882.9,18585.950000000004
1341,2024-11-29,Vinilo de corte,Cliente_25,Entregado,18355.12,31307.23,12952.11
1342,2024-01-25,Vinilos,Cliente_32,Entregado,30571.79,50736.0,20164.21
1343,2024-09-07,Tarjetas,Cliente_9,Entregado,24144.3,41570.5,17426.2
1344,2024-01-14,Lonas,Cliente_32,Entregado,45303.77,76832.51,31528.739999999998
1345,2024-09-04,Libros,Cliente_2,En proceso,35191.06,62405.59,27214.53
1346,2024-05-13,Vinilo de corte,Cliente_40,cancelado,9759.63,12698.27,2938.6400000000012
1347,2024-08-09,Volantes,Cliente_5,Entregado,9459.49,13362.88,3903.3899999999994
1348,2024-03-13,Vinilos,Cliente_31,Entregado,43841.35,73238.84,29397.489999999998
1349,2024-04-08,Vinilo de corte,Cliente_49,cancelado,46959.57,68649.67,21690.1
1350,2024-06-01,Volantes,Cliente_17,Entregado,27043.22,41837.01,14793.79
1351,2024-05-27,Vinilo de corte,Cliente_46,Entregado,41287.53,69256.69,27969.160000000003
1352,2024-11-21,Vinilo de corte,Cliente_10,Entregado,45662.43,70785.91,25123.480000000003
1353,2024-03-17,Vinilos,Cliente_48,En proceso,23685.21,35359.29,11674.080000000002
1354,2024-05-25,Lonas,Cliente_25,Entregado,28332.01,41272.68,12940.670000000002
1355,2024-03-24,Volantes,Cliente_28,Entregado,28983.24,46192.44,17209.2
1356,2024-12-18,Tarjetas,Cliente_13,cancelado,29118.07,40053.94,10935.870000000003
1357,2024-04-28,Lonas,Cliente_13,Entregado,24935.98,39313.24,14377.259999999998
1358,2024-12-05,Lonas,Cliente_9,Entregado,43267.95,58236.84,14968.89
1359,2024-03-18,Vinilo de corte,Cliente_41,cancelado,46085.35,75666.39,29581.04
1360,2024-12-11,Vinilos,Cliente_9,Entregado,26859.97,41040.97,14181.0
1361,2024-12-22,Libros,Cliente_23,Entregado,25083.49,33735.91,8652.420000000002
1362,2024-01-22,Lonas,Cliente_30,En proceso,22484.28,36713.38,14229.099999999999
1363,2024-04-22,Tarjetas,Cliente_40,En proceso,44290.26,73069.32,28779.060000000005
1364,2024-03-12,Vinilos,Cliente_37,cancelado,36641.04,64337.81,27696.769999999997
1365,2024-12-21,Vinilos,Cliente_23,En proceso,23159.68,35324.28,12164.599999999999
1366,2024-03-06,Volantes,Cliente_24,En proceso,27162.28,39287.25,12124.970000000001
1367,2024-03-26,Tarjetas,Cliente_28,Entregado,31476.28,48285.67,16809.39
1368,2024-09-19,Vinilo de corte,Cliente_24,Entregado,46602.01,64351.5,17749.489999999998
1369,2024-09-17,Lonas,Cliente_23,En proceso,28805.7,50361.06,21555.359999999997
1370,2024-01-20,Lonas,Cliente_38,Entregado,21643.8,30561.87,8918.07
1371,2024-02-15,Vinilos,Cliente_34,Entregado,12029.52,21024.56,8995.04
1372,2024-08-15,Vinilo de corte,Cliente_19,cancelado,28429.17,51118.08,22688.910000000003
1373,2024-12-04,Vinilo de corte,Cliente_41,cancelado,37057.96,61218.58,24160.620000000003
1374,2024-08-28,Tarjetas,Cliente_38,Entregado,20514.36,28274.73,7760.369999999999
1375,2024-02-23,Volantes,Cliente_14,cancelado,39356.82,67207.03,27850.21
1376,2024-03-17,Vinilos,Cliente_29,Entregado,38202.81,55867.69,17664.880000000005
1377,2024-12-10,Vinilo de corte,Cliente_8,Entregado,24725.31,32290.38,7565.07
1378,2024-01-07,Lonas,Cliente_32,Entregado,48835.46,66510.43,17674.969999999994
1379,2024-11-21,Volantes,Cliente_38,Entregado,29360.38,48185.2,18824.819999999996
1380,2024-04-20,Volantes,Cliente_12,En proceso,36235.99,61252.22,25016.230000000003
1381,2024-03-27,Volantes,Cliente_10,Entregado,39110.81,54536.21,15425.400000000001
1382,2024-06-30,Vinilos,Cliente_43,Entregado,36209.83,63602.13,27392.299999999996
1383,2024-11-24,Vinilos,Cliente_49,En proceso,28471.06,41154.22,12683.16
1384,2024-03-30,Tarjetas,Cliente_16,Entregado,37151.27,49221.31,12070.04
1385,2024-03-09,Libros,Cliente_32,Entregado,49379.36,82382.75,33003.39
1386,2024-10-07,Vinilo de corte,Cliente_48,Entregado,7362.38,11398.84,4036.46
1387,2024-02-17,Vinilo de corte,Cliente_2,cancelado,21969.6,36158.49,14188.89
1388,2024-08-18,Lonas,Cliente_17,Entregado,41359.85,55666.15,14306.300000000003
1389,2024-12-25,Vinilos,Cliente_23,Entregado,26978.49,43243.03,16264.539999999997
1390,2024-09-15,Volantes,Cliente_50,En proceso,32848.29,53651.27,20802.979999999996
1391,2024-04-07,Tarjetas,Cliente_42,Entregado,48710.24,78555.75,29845.510000000002
1392,2024-10-10,Vinilos,Cliente_49,Entregado,21258.0,34765.21,13507.21
1393,2024-06-27,Vinilo de corte,Cliente_6,Entregado,11150.33,19693.79,8543.460000000001
1394,2024-11-29,Vinilos,Cliente_15,En proceso,30501.77,52938.68,22436.91
1395,2024-04-12,Volantes,Cliente_37,cancelado,24340.43,32503.74,8163.310000000001
1396,2024-04-29,Tarjetas,Cliente_45,Entregado,8778.13,14084.6,5306.470000000001
1397,2024-02-11,Lonas,Cliente_20,cancelado,7459.79,12059.64,4599.849999999999
1398,2024-05-31,Volantes,Cliente_48,Entregado,41043.73,63031.65,21987.92
1399,2024-07-02,Tarjetas,Cliente_12,cancelado,42018.91,62287.48,20268.57
1400,2024-08-11,Libros,Cliente_9,Entregado,39313.25,54689.69,15376.440000000002
1401,2024-02-14,Libros,Cliente_35,cancelado,33132.12,56294.46,23162.339999999997
1402,2024-02-08,Volantes,Cliente_2,En proceso,41945.28,55875.55,13930.270000000004
1403,2024-07-17,Vinilos,Cliente_36,Entregado,21202.52,27570.12,6367.5999999999985
1404,2024-02-22,Libros,Cliente_5,Entregado,45266.65,72396.78,27130.129999999997
1405,2024-08-11,Volantes,Cliente_32,Entregado,36583.12,54010.53,17427.409999999996
1406,2024-05-09,Tarjetas,Cliente_8,Entregado,31149.16,54676.27,23527.109999999997
1407,2024-07-04,Libros,Cliente_33,Entregado,32431.61,47859.55,15427.940000000002
1408,2024-11-03,Tarjetas,Cliente_22,En proceso,38100.42,66688.28,28587.86
1409,2024-04-08,Vinilos,Cliente_17,cancelado,48897.98,77972.29,29074.30999999999
1410,2024-09-21,Lonas,Cliente_25,Entregado,7374.67,9999.92,2625.25
1411,2024-06-12,Libros,Cliente_40,Entregado,20479.83,26627.19,6147.359999999997
1412,2024-08-05,Libros,Cliente_42,Entregado,33968.72,58901.71,24932.989999999998
1413,2024-11-06,Lonas,Cliente_30,En proceso,24206.83,39234.11,15027.279999999999
1414,2024-02-01,Vinilos,Cliente_40,Entregado,39818.38,54356.38,14538.0
1415,2024-01-11,Libros,Cliente_9,cancelado,40198.49,71947.27,31748.780000000006
1416,2024-06-26,Volantes,Cliente_16,Entregado,32261.57,47536.72,15275.150000000001
1417,2024-07-19,Vinilo de corte,Cliente_42,cancelado,32298.75,54763.32,22464.57
1418,2024-06-10,Volantes,Cliente_48,Entregado,24745.88,36925.85,12179.969999999998
1419,2024-07-22,Vinilo de corte,Cliente_19,Entregado,45330.39,64498.05,19167.660000000003
1420,2024-11-15,Vinilos,Cliente_5,Entregado,41560.18,60099.36,18539.18
1421,2024-11-18,Tarjetas,Cliente_40,Entregado,27241.68,44739.85,17498.17
1422,2024-11-19,Volantes,Cliente_9,Entregado,20726.13,29209.28,8483.149999999998
1423,2024-03-09,Vinilo de corte,Cliente_11,Entregado,32249.75,50535.72,18285.97
1424,2024-07-15,Lonas,Cliente_5,cancelado,32277.74,57792.63,25514.889999999996
1425,2024-03-23,Tarjetas,Cliente_37,Entregado,38512.55,58833.18,20320.629999999997
1426,2024-01-07,Tarjetas,Cliente_32,Entregado,35806.72,52255.64,16448.92
1427,2024-09-05,Lonas,Cliente_31,Entregado,24125.48,32491.0,8365.52
1428,2024-11-12,Tarjetas,Cliente_8,cancelado,11545.04,17145.97,5600.93
1429,2024-02-05,Lonas,Cliente_7,Entregado,23147.02,32925.14,9778.119999999999
1430,2024-10-01,Vinilos,Cliente_50,Entregado,36023.73,60745.84,24722.109999999993
1431,2024-06-11,Tarjetas,Cliente_49,Entregado,42111.55,62658.94,20547.39
1432,2024-06-27,Vinilos,Cliente_4,Entregado,6401.17,9055.34,2654.17
1433,2024-09-22,Tarjetas,Cliente_35,Entregado,16370.05,23954.51,7584.459999999999
1434,2024-07-14,Volantes,Cliente_50,Entregado,9649.5,13620.89,3971.3899999999994
1435,2024-07-22,Tarjetas,Cliente_33,En proceso,49611.73,85713.47,36101.74
1436,2024-10-20,Vinilo de corte,Cliente_12,Entregado,9286.12,16072.72,6786.5999999999985
1437,2024-08-14,Tarjetas,Cliente_35,En proceso,15292.54,27345.48,12052.939999999999
1438,2024-04-22,Vinilo de corte,Cliente_2,Entregado,19566.1,31953.48,12387.380000000001
1439,2024-06-06,Volantes,Cliente_13,En proceso,8605.92,11768.4,3162.4799999999996
1440,2024-09-09,Vinilos,Cliente_37,Entregado,22041.73,33972.34,11930.609999999997
1441,2024-11-07,Tarjetas,Cliente_39,Entregado,36850.72,54795.67,17944.949999999997
1442,2024-12-02,Libros,Cliente_31,Entregado,11293.47,17799.79,6506.3200000000015
1443,2024-12-02,Volantes,Cliente_39,Entregado,43672.92,64478.54,20805.620000000003
1444,2024-12-12,Vinilos,Cliente_2,En proceso,49447.59,76896.52,27448.930000000008
1445,2024-01-27,Volantes,Cliente_17,Entregado,39660.94,54792.76,15131.82
1446,2024-07-17,Vinilos,Cliente_45,En proceso,27984.0,40272.26,12288.260000000002
1447,2024-09-24,Vinilo de corte,Cliente_14,Entregado,20705.69,28295.07,7589.380000000001
1448,2024-06-18,Volantes,Cliente_9,Entregado,48986.93,76301.2,27314.269999999997
1449,2024-02-02,Lonas,Cliente_33,Entregado,23880.19,36487.11,12606.920000000002
1450,2024-07-21,Volantes,Cliente_48,Entregado,28010.5,48756.69,20746.190000000002
1451,2024-05-09,Lonas,Cliente_2,En proceso,25074.88,42274.87,17199.99
1452,2024-01-19,Lonas,Cliente_18,En proceso,43638.74,62177.85,18539.11
1453,2024-12-20,Volantes,Cliente_48,Entregado,11885.42,19421.85,7536.4299999999985
1454,2024-09-25,Libros,Cliente_30,cancelado,40481.97,60524.14,20042.17
1455,2024-02-27,Tarjetas,Cliente_38,En proceso,37483.86,56863.56,19379.699999999997
1456,2024-12-18,Volantes,Cliente_49,cancelado,47146.52,72601.19,25454.670000000006
1457,2024-09-25,Libros,Cliente_25,En proceso,17969.64,27086.94,9117.3
1458,2024-02-06,Tarjetas,Cliente_50,Entregado,19239.97,26208.46,6968.489999999998
1459,2024-03-07,Vinilos,Cliente_23,En proceso,6457.13,11431.17,4974.04
1460,2024-12-18,Vinilos,Cliente_36,En proceso,31807.27,54993.42,23186.149999999998
1461,2024-03-13,Vinilos,Cliente_48,En proceso,43563.32,59370.09,15806.769999999997
1462,2024-07-22,Volantes,Cliente_11,Entregado,18377.57,29882.48,11504.91
1463,2024-02-07,Vinilo de corte,Cliente_26,Entregado,9427.96,15612.0,6184.040000000001
1464,2024-03-11,Volantes,Cliente_42,En proceso,47138.1,69285.07,22146.97000000001
1465,2024-05-08,Libros,Cliente_34,Entregado,45425.23,72657.49,27232.260000000002
1466,2024-01-04,Volantes,Cliente_26,En proceso,38869.68,54501.14,15631.46
1467,2024-09-30,Lonas,Cliente_26,Entregado,19694.66,28116.35,8421.689999999999
1468,2024-02-15,Vinilos,Cliente_27,En proceso,14507.56,24829.9,10322.340000000002
1469,2024-10-19,Vinilos,Cliente_30,Entregado,49968.33,70849.64,20881.309999999998
1470,2024-05-18,Libros,Cliente_43,Entregado,10046.42,13119.63,3073.209999999999
1471,2024-10-29,Vinilo de corte,Cliente_47,En proceso,43346.64,59715.51,16368.870000000003
1472,2024-07-30,Lonas,Cliente_1,Entregado,15306.84,23440.99,8134.1500000000015
1473,2024-02-05,Tarjetas,Cliente_40,Entregado,12239.65,16870.76,4631.109999999999
1474,2024-06-12,Volantes,Cliente_25,cancelado,26996.07,44881.34,17885.269999999997
1475,2024-05-17,Volantes,Cliente_32,Entregado,24332.85,39066.02,14733.169999999998
1476,2024-03-04,Vinilos,Cliente_11,Entregado,39825.2,66185.17,26359.97
1477,2024-11-18,Tarjetas,Cliente_7,cancelado,38137.53,65653.9,27516.369999999995
1478,2024-04-17,Libros,Cliente_9,cancelado,38539.52,54124.84,15585.32
1479,2024-08-23,Vinilo de corte,Cliente_27,cancelado,40165.32,61207.68,21042.36
1480,2024-09-16,Tarjetas,Cliente_5,Entregado,34351.58,53453.87,19102.29
1481,2024-12-10,Tarjetas,Cliente_43,Entregado,19996.48,28077.16,8080.68
1482,2024-12-29,Vinilos,Cliente_42,Entregado,25851.17,44135.21,18284.04
1483,2024-03-20,Volantes,Cliente_28,cancelado,20363.53,27169.82,6806.290000000001
1484,2024-10-20,Libros,Cliente_27,En proceso,44400.76,79130.17,34729.409999999996
1485,2024-07-14,Tarjetas,Cliente_10,En proceso,35354.38,52665.56,17311.18
1486,2024-06-22,Vinilos,Cliente_18,cancelado,22234.96,30805.71,8570.75
1487,2024-10-28,Vinilo de corte,Cliente_23,Entregado,20897.25,32184.0,11286.75
1488,2024-11-06,Volantes,Cliente_3,Entregado,41172.24,72607.42,31435.18
1489,2024-10-13,Vinilos,Cliente_20,Entregado,42979.71,68678.83,25699.120000000003
1490,2024-11-17,Tarjetas,Cliente_9,Entregado,8322.82,11720.76,3397.9400000000005
1491,2024-08-20,Volantes,Cliente_34,cancelado,37509.2,53806.35,16297.150000000001
1492,2024-06-18,Volantes,Cliente_28,En proceso,20610.18,30703.78,10093.599999999999
1493,2024-10-14,Vinilos,Cliente_31,cancelado,48728.92,84535.27,35806.350000000006
1494,2024-02-12,Volantes,Cliente_38,Entregado,47298.45,67407.94,20109.490000000005
1495,2024-12-25,Volantes,Cliente_19,Entregado,30799.02,43237.26,12438.240000000002
1496,2024-09-17,Vinilos,Cliente_4,Entregado,7639.9,10607.13,2967.2299999999996
1497,2024-08-27,Vinilo de corte,Cliente_19,Entregado,27906.05,37584.42,9678.369999999999
1498,2024-02-15,Volantes,Cliente_20,Entregado,22236.64,36018.25,13781.61
1499,2024-07-06,Vinilos,Cliente_38,En proceso,31857.09,45722.84,13865.749999999996
1500,2024-06-08,Vinilo de corte,Cliente_37,Entregado,14219.94,23036.2,8816.26
1501,2024-01-06,Volantes,Cliente_3,En proceso,8269.42,14778.04,6508.620000000001
1502,2024-10-13,Volantes,Cliente_50,Entregado,13119.37,20744.15,7624.780000000001
1503,2024-03-13,Libros,Cliente_33,cancelado,18437.42,26640.39,8202.970000000001
1504,2024-09-23,Volantes,Cliente_30,Entregado,14925.52,25763.5,10837.98
1505,2024-03-25,Libros,Cliente_28,Entregado,49045.77,76362.96,27317.19000000001
1506,2024-12-01,Vinilos,Cliente_27,Entregado,6345.14,11001.63,4656.489999999999
1507,2024-12-09,Tarjetas,Cliente_22,cancelado,46014.25,69102.77,23088.520000000004
1508,2024-10-06,Tarjetas,Cliente_19,Entregado,48225.13,75779.26,27554.129999999997
1509,2024-08-06,Lonas,Cliente_8,cancelado,44925.47,70121.87,25196.399999999994
1510,2024-08-25,Vinilo de corte,Cliente_44,Entregado,49738.06,69023.65,19285.589999999997
1511,2024-04-28,Vinilo de corte,Cliente_46,Entregado,34830.04,49633.78,14803.739999999998
1512,2024-09-13,Tarjetas,Cliente_38,Entregado,25715.63,33906.66,8191.0300000000025
1513,2024-01-22,Libros,Cliente_22,Entregado,39666.83,52174.48,12507.650000000001
1514,2024-09-15,Tarjetas,Cliente_2,Entregado,47875.04,81916.34,34041.299999999996
1515,2024-02-06,Vinilo de corte,Cliente_5,cancelado,9703.12,14147.16,4444.039999999999
1516,2024-08-21,Libros,Cliente_8,cancelado,35344.46,63506.99,28162.53
1517,2024-06-10,Tarjetas,Cliente_29,Entregado,25096.41,40371.07,15274.66
1518,2024-02-01,Vinilo de corte,Cliente_16,Entregado,29453.76,38348.08,8894.320000000003
1519,2024-06-16,Volantes,Cliente_44,Entregado,38129.12,64047.7,25918.579999999994
1520,2024-12-25,Vinilo de corte,Cliente_12,En proceso,19105.95,33407.77,14301.819999999996
1521,2024-07-25,Vinilos,Cliente_6,cancelado,49324.7,76828.65,27503.949999999997
1522,2024-05-18,Libros,Cliente_32,Entregado,33592.28,50786.57,17194.29
1523,2024-04-23,Libros,Cliente_9,En proceso,23784.37,36370.62,12586.250000000004
1524,2024-08-16,Vinilo de corte,Cliente_48,En proceso,28727.74,50824.3,22096.56
1525,2024-07-11,Lonas,Cliente_49,cancelado,9865.78,13303.89,3438.1099999999988
1526,2024-09-26,Vinilo de corte,Cliente_43,Entregado,30019.68,42865.77,12846.089999999997
1527,2024-03-06,Vinilo de corte,Cliente_22,En proceso,17418.16,29791.55,12373.39
1528,2024-11-04,Volantes,Cliente_34,Entregado,44561.35,78241.72,33680.37
1529,2024-01-12,Vinilos,Cliente_6,En proceso,31367.89,43709.78,12341.89
1530,2024-11-07,Volantes,Cliente_28,Entregado,12834.79,21295.11,8460.32
1531,2024-03-30,Libros,Cliente_18,cancelado,15403.9,23867.1,8463.199999999999
1532,2024-11-15,Volantes,Cliente_10,Entregado,14937.84,21356.07,6418.23
1533,2024-03-30,Tarjetas,Cliente_7,Entregado,27163.99,41391.97,14227.98
1534,2024-04-06,Vinilo de corte,Cliente_24,cancelado,39988.54,65970.81,25982.269999999997
1535,2024-10-16,Tarjetas,Cliente_33,Entregado,20952.03,36066.04,15114.010000000002
1536,2024-06-29,Vinilo de corte,Cliente_45,Entregado,35338.76,61362.19,26023.43
1537,2024-11-24,Lonas,Cliente_9,cancelado,15265.03,22040.58,6775.550000000001
1538,2024-09-25,Libros,Cliente_14,Entregado,49127.78,79108.8,29981.020000000004
1539,2024-07-01,Vinilos,Cliente_37,Entregado,46964.0,74323.08,27359.08
1540,2024-06-06,Libros,Cliente_8,Entregado,9772.81,16794.88,7022.0700000000015
1541,2024-06-21,Volantes,Cliente_49,Entregado,26851.63,38426.55,11574.920000000002
1542,2024-02-12,Vinilos,Cliente_1,En proceso,49220.62,85730.64,36510.02
1543,2024-01-31,Lonas,Cliente_47,Entregado,12255.58,19646.78,7391.199999999999
1544,2024-07-24,Vinilos,Cliente_27,Entregado,9951.56,16494.04,6542.480000000001
1545,2024-10-19,Vinilos,Cliente_23,En proceso,20871.32,29630.61,8759.29
1546,2024-08-25,Lonas,Cliente_9,Entregado,35552.67,49418.91,13866.240000000005
1547,2024-06-09,Vinilo de corte,Cliente_21,cancelado,28171.1,50133.3,21962.200000000004
1548,2024-02-05,Tarjetas,Cliente_6,Entregado,33024.41,46643.51,13619.099999999999
1549,2024-10-14,Volantes,Cliente_14,cancelado,22517.18,40285.31,17768.129999999997
1550,2024-12-01,Libros,Cliente_37,Entregado,23132.21,37653.78,14521.57
1551,2024-07-12,Libros,Cliente_29,cancelado,30953.1,49235.91,18282.810000000005
1552,2024-07-24,Vinilos,Cliente_35,Entregado,27386.41,40072.29,12685.880000000001
1553,2024-02-22,Lonas,Cliente_21,Entregado,32412.69,54169.43,21756.74
1554,2024-07-03,Libros,Cliente_21,Entregado,28129.17,47813.68,19684.510000000002
1555,2024-02-11,Tarjetas,Cliente_42,cancelado,45008.12,77419.4,32411.27999999999
1556,2024-03-23,Tarjetas,Cliente_14,En proceso,39425.79,53094.4,13668.61
1557,2024-10-29,Volantes,Cliente_6,En proceso,49677.5,85083.24,35405.740000000005
1558,2024-01-20,Vinilo de corte,Cliente_13,Entregado,48923.97,66853.37,17929.399999999994
1559,2024-06-25,Tarjetas,Cliente_20,Entregado,46410.23,60401.95,13991.719999999994
1560,2024-03-25,Volantes,Cliente_4,Entregado,16034.04,27055.47,11021.43
1561,2024-11-21,Volantes,Cliente_40,En proceso,10177.13,13955.37,3778.2400000000016
1562,2024-11-14,Vinilo de corte,Cliente_50,cancelado,19496.47,25611.87,6115.399999999998
1563,2024-09-30,Vinilos,Cliente_10,En proceso,39884.22,63548.99,23664.769999999997
1564,2024-09-27,Vinilos,Cliente_13,Entregado,42520.38,58391.43,15871.050000000003
1565,2024-03-18,Vinilos,Cliente_20,cancelado,39818.6,54065.11,14246.510000000002
1566,2024-01-30,Libros,Cliente_36,Entregado,23782.31,35462.24,11679.929999999997
1567,2024-08-16,Vinilos,Cliente_39,Entregado,6074.21,10516.81,4442.599999999999
1568,2024-04-29,Volantes,Cliente_38,Entregado,37236.06,66818.31,29582.25
1569,2024-07-16,Lonas,Cliente_41,En proceso,14875.16,21409.23,6534.07
1570,2024-07-30,Vinilo de corte,Cliente_20,Entregado,47898.1,83947.85,36049.75000000001
1571,2024-06-19,Vinilos,Cliente_18,Entregado,49285.54,87557.24,38271.700000000004
1572,2024-02-13,Vinilos,Cliente_14,Entregado,39925.12,62669.4,22744.28
1573,2024-01-23,Vinilo de corte,Cliente_36,En proceso,38116.8,58255.43,20138.629999999997
1574,2024-04-22,Vinilo de corte,Cliente_10,Entregado,39297.77,67278.51,27980.739999999998
1575,2024-06-10,Volantes,Cliente_4,En proceso,12288.95,19724.15,7435.200000000001
1576,2024-12-19,Lonas,Cliente_9,cancelado,17493.47,28556.94,11063.469999999998
1577,2024-02-14,Lonas,Cliente_34,cancelado,19778.41,35210.4,15431.990000000002
1578,2024-01-14,Tarjetas,Cliente_33,cancelado,16642.2,27537.52,10895.32
1579,2024-06-13,Vinilos,Cliente_20,cancelado,9912.88,14710.18,4797.300000000001
1580,2024-08-18,Tarjetas,Cliente_50,cancelado,11292.62,17747.84,6455.219999999999
1581,2024-07-09,Vinilo de corte,Cliente_21,Entregado,9552.98,16122.45,6569.470000000001
1582,2024-03-01,Lonas,Cliente_37,En proceso,11788.86,16841.85,5052.989999999998
1583,2024-12-02,Lonas,Cliente_15,En proceso,7281.89,12956.49,5674.599999999999
1584,2024-12-24,Vinilo de corte,Cliente_25,En proceso,35239.58,47848.89,12609.309999999998
1585,2024-08-30,Vinilo de corte,Cliente_2,Entregado,13686.37,21843.8,8157.4299999999985
1586,2024-11-07,Lonas,Cliente_25,cancelado,20341.38,36315.85,15974.469999999998
1587,2024-09-25,Libros,Cliente_1,cancelado,44479.08,60549.81,16070.729999999996
1588,2024-09-04,Libros,Cliente_12,Entregado,5583.49,8085.23,2501.74
1589,2024-08-19,Vinilo de corte,Cliente_46,Entregado,12795.47,21499.29,8703.820000000002
1590,2024-08-21,Libros,Cliente_4,cancelado,38374.72,55999.03,17624.309999999998
1591,2024-09-11,Vinilos,Cliente_5,En proceso,21473.97,33522.95,12048.979999999996
1592,2024-02-23,Tarjetas,Cliente_6,Entregado,21458.32,36714.38,15256.059999999998
1593,2024-05-08,Vinilos,Cliente_35,Entregado,14216.4,23035.83,8819.430000000002
1594,2024-11-24,Vinilo de corte,Cliente_27,Entregado,48567.01,71085.35,22518.340000000004
1595,2024-05-02,Libros,Cliente_32,cancelado,27949.2,40328.07,12378.869999999999
1596,2024-07-16,Volantes,Cliente_5,Entregado,26963.25,37328.51,10365.260000000002
1597,2024-10-28,Libros,Cliente_5,Entregado,26483.76,42896.82,16413.06
1598,2024-07-17,Volantes,Cliente_29,Entregado,32739.84,49074.13,16334.289999999997
1599,2024-02-12,Volantes,Cliente_35,En proceso,42262.34,75359.08,33096.740000000005
1600,2024-07-11,Libros,Cliente_5,Entregado,17652.5,27998.95,10346.45
1601,2024-10-14,Vinilo de corte,Cliente_31,Entregado,6105.28,9173.93,3068.6500000000005
1602,2024-02-08,Tarjetas,Cliente_25,cancelado,18556.47,30255.82,11699.349999999999
1603,2024-11-03,Vinilo de corte,Cliente_7,Entregado,25958.85,34568.49,8609.64
1604,2024-12-15,Vinilo de corte,Cliente_44,Entregado,15578.79,22876.3,7297.509999999998
1605,2024-12-28,Vinilos,Cliente_15,Entregado,23254.63,34248.02,10993.389999999996
1606,2024-09-08,Tarjetas,Cliente_22,Entregado,17731.42,27640.79,9909.370000000003
1607,2024-09-12,Vinilos,Cliente_19,Entregado,14041.07,20017.02,5975.950000000001
1608,2024-12-01,Vinilos,Cliente_6,cancelado,27418.13,40566.07,13147.939999999999
1609,2024-09-03,Lonas,Cliente_10,Entregado,8728.43,12690.92,3962.49
1610,2024-08-10,Volantes,Cliente_45,En proceso,28599.92,50348.32,21748.4
1611,2024-01-24,Volantes,Cliente_46,cancelado,28885.66,45745.92,16860.26
1612,2024-04-17,Vinilos,Cliente_10,cancelado,48246.46,68079.68,19833.219999999994
1613,2024-09-04,Volantes,Cliente_4,Entregado,33267.74,51302.52,18034.78
1614,2024-05-26,Vinilo de corte,Cliente_34,Entregado,9386.11,16408.45,7022.34
1615,2024-06-20,Lonas,Cliente_6,Entregado,36452.9,55420.31,18967.409999999996
1616,2024-06-26,Vinilo de corte,Cliente_47,Entregado,30318.54,46614.56,16296.019999999997
1617,2024-12-02,Tarjetas,Cliente_29,Entregado,15680.45,21459.57,5779.119999999999
1618,2024-07-28,Lonas,Cliente_2,cancelado,43368.02,73240.25,29872.230000000003
1619,2024-01-06,Tarjetas,Cliente_49,Entregado,39843.44,65818.32,25974.880000000005
1620,2024-07-07,Lonas,Cliente_10,cancelado,45827.98,64405.67,18577.689999999995
1621,2024-10-26,Libros,Cliente_41,cancelado,25141.82,41753.61,16611.79
1622,2024-09-16,Volantes,Cliente_1,Entregado,7014.67,9315.71,2301.039999999999
1623,2024-10-21,Tarjetas,Cliente_24,cancelado,36341.57,50229.97,13888.400000000001
1624,2024-04-14,Vinilo de corte,Cliente_5,En proceso,8046.47,13475.04,5428.570000000001
1625,2024-05-28,Volantes,Cliente_13,Entregado,40353.82,70184.32,29830.500000000007
1626,2024-10-03,Tarjetas,Cliente_28,Entregado,6667.38,10429.76,3762.38
1627,2024-11-12,Libros,Cliente_17,En proceso,21411.57,34289.25,12877.68
1628,2024-03-23,Lonas,Cliente_49,Entregado,41096.87,61197.35,20100.479999999996
1629,2024-02-07,Tarjetas,Cliente_48,Entregado,10807.18,16270.83,5463.65
1630,2024-05-16,Vinilos,Cliente_1,Entregado,48612.55,86601.97,37989.42
1631,2024-03-27,Tarjetas,Cliente_3,Entregado,8349.09,12473.37,4124.280000000001
1632,2024-06-04,Vinilo de corte,Cliente_35,En proceso,26253.89,46326.57,20072.68
1633,2024-05-12,Lonas,Cliente_10,En proceso,46820.64,74651.72,27831.08
1634,2024-09-17,Lonas,Cliente_46,Entregado,25393.38,44237.49,18844.109999999997
1635,2024-02-28,Vinilo de corte,Cliente_22,En proceso,13205.27,19522.43,6317.16
1636,2024-01-04,Vinilos,Cliente_13,Entregado,20360.17,31624.35,11264.18
1637,2024-04-27,Vinilo de corte,Cliente_47,Entregado,9761.69,16680.08,6918.390000000001
1638,2024-09-03,Vinilo de corte,Cliente_40,Entregado,16853.27,24308.93,7455.66
1639,2024-02-15,Tarjetas,Cliente_50,Entregado,27208.99,41554.57,14345.579999999998
1640,2024-11-03,Volantes,Cliente_27,Entregado,15773.48,24756.81,8983.330000000002
1641,2024-02-10,Tarjetas,Cliente_14,cancelado,11114.38,15302.07,4187.6900000000005
1642,2024-12-09,Libros,Cliente_41,Entregado,46083.5,66335.01,20251.509999999995
1643,2024-11-03,Vinilo de corte,Cliente_41,cancelado,14217.83,24253.9,10036.070000000002
1644,2024-11-15,Tarjetas,Cliente_19,En proceso,21971.89,33610.55,11638.660000000003
1645,2024-08-11,Vinilos,Cliente_39,Entregado,49982.27,74030.14,24047.870000000003
1646,2024-05-16,Vinilos,Cliente_39,Entregado,26126.66,35674.72,9548.060000000001
1647,2024-11-09,Volantes,Cliente_2,Entregado,32712.19,44298.14,11585.95
1648,2024-04-07,Volantes,Cliente_22,Entregado,46071.84,67644.74,21572.90000000001
1649,2024-11-27,Vinilos,Cliente_28,Entregado,24649.2,37267.5,12618.3
1650,2024-05-03,Vinilos,Cliente_16,En proceso,11755.26,15323.98,3568.7199999999993
1651,2024-11-04,Vinilo de corte,Cliente_18,Entregado,5676.97,9622.77,3945.8
1652,2024-07-27,Libros,Cliente_44,Entregado,34961.68,58328.8,23367.120000000003
1653,2024-03-22,Vinilo de corte,Cliente_45,Entregado,19349.07,33336.69,13987.620000000003
1654,2024-10-05,Vinilos,Cliente_32,Entregado,41555.23,55674.96,14119.729999999996
1655,2024-05-25,Vinilos,Cliente_25,En proceso,6959.11,11442.57,4483.46
1656,2024-02-14,Libros,Cliente_2,cancelado,43957.54,60529.85,16572.309999999998
1657,2024-12-07,Lonas,Cliente_13,Entregado,29810.91,50762.8,20951.890000000003
1658,2024-08-29,Vinilos,Cliente_11,Entregado,30412.64,50398.19,19985.550000000003
1659,2024-07-11,Vinilo de corte,Cliente_48,Entregado,7810.2,11657.19,3846.9900000000007
1660,2024-08-27,Vinilos,Cliente_28,cancelado,5385.12,8538.4,3153.2799999999997
1661,2024-05-09,Vinilos,Cliente_8,Entregado,37552.55,56239.86,18687.309999999998
1662,2024-10-15,Vinilo de corte,Cliente_18,cancelado,13784.67,21949.24,8164.5700000000015
1663,2024-08-19,Vinilo de corte,Cliente_38,Entregado,43815.85,72434.44,28618.590000000004
1664,2024-08-10,Volantes,Cliente_9,Entregado,46131.93,71958.93,25826.999999999993
1665,2024-08-17,Libros,Cliente_27,Entregado,23163.62,30670.45,7506.830000000002
1666,2024-06-24,Libros,Cliente_8,Entregado,30927.22,47850.66,16923.440000000002
1667,2024-10-21,Vinilos,Cliente_25,Entregado,7579.97,12997.58,5417.61
1668,2024-09-26,Lonas,Cliente_37,En proceso,16861.92,25378.32,8516.400000000001
1669,2024-01-06,Lonas,Cliente_20,En proceso,19768.38,26030.74,6262.360000000001
1670,2024-12-08,Vinilo de corte,Cliente_22,cancelado,37883.09,62877.65,24994.560000000005
1671,2024-10-19,Vinilos,Cliente_7,Entregado,38551.09,57880.65,19329.560000000005
1672,2024-12-01,Lonas,Cliente_47,Entregado,11566.62,20264.05,8697.429999999998
1673,2024-12-21,Lonas,Cliente_29,En proceso,36529.94,56102.45,19572.509999999995
1674,2024-09-19,Vinilos,Cliente_14,cancelado,47392.74,81953.67,34560.93
1675,2024-01-30,Vinilo de corte,Cliente_13,cancelado,49260.23,88533.89,39273.659999999996
1676,2024-09-20,Libros,Cliente_37,Entregado,7705.24,12842.86,5137.620000000001
1677,2024-09-14,Tarjetas,Cliente_11,Entregado,18946.26,29404.9,10458.640000000003
1678,2024-03-09,Tarjetas,Cliente_26,Entregado,17220.62,27266.29,10045.670000000002
1679,2024-02-01,Volantes,Cliente_42,Entregado,25944.98,42954.02,17009.039999999997
1680,2024-12-05,Volantes,Cliente_36,En proceso,32735.86,45002.48,12266.620000000003
1681,2024-08-13,Vinilo de corte,Cliente_20,En proceso,5722.02,9679.2,3957.1800000000003
1682,2024-03-16,Vinilos,Cliente_13,cancelado,32172.18,55266.87,23094.690000000002
1683,2024-08-06,Libros,Cliente_1,Entregado,36419.16,54289.02,17869.859999999993
1684,2024-08-15,Lonas,Cliente_4,cancelado,48476.84,64324.88,15848.04
1685,2024-06-24,Tarjetas,Cliente_23,Entregado,15881.25,21874.03,5992.779999999999
1686,2024-02-04,Tarjetas,Cliente_31,Entregado,17832.86,26081.7,8248.84
1687,2024-12-18,Vinilos,Cliente_26,Entregado,27166.37,46864.1,19697.73
1688,2024-07-30,Vinilos,Cliente_44,Entregado,5868.72,9617.14,3748.419999999999
1689,2024-11-12,Vinilo de corte,Cliente_7,cancelado,10395.76,14206.14,3810.379999999999
1690,2024-07-11,Tarjetas,Cliente_47,Entregado,13676.49,21684.19,8007.699999999999
1691,2024-04-30,Volantes,Cliente_44,cancelado,24220.62,34905.12,10684.500000000004
1692,2024-11-29,Lonas,Cliente_28,Entregado,27986.81,37639.86,9653.05
1693,2024-02-07,Tarjetas,Cliente_2,Entregado,6993.69,12545.14,5551.45
1694,2024-03-18,Vinilos,Cliente_22,Entregado,13854.56,21172.49,7317.930000000002
1695,2024-08-24,Vinilos,Cliente_7,Entregado,22931.61,38332.11,15400.5
1696,2024-04-16,Vinilo de corte,Cliente_43,En proceso,14536.6,20607.61,6071.01
1697,2024-10-16,Vinilo de corte,Cliente_48,cancelado,18551.45,25735.28,7183.829999999998
1698,2024-02-13,Lonas,Cliente_49,Entregado,33060.54,46254.74,13194.199999999997
1699,2024-06-11,Vinilo de corte,Cliente_3,Entregado,20121.72,35036.55,14914.830000000002
1700,2024-04-02,Libros,Cliente_14,Entregado,34230.04,59206.48,24976.440000000002
1701,2024-07-28,Lonas,Cliente_47,En proceso,33074.24,53081.33,20007.090000000004
1702,2024-08-28,Vinilos,Cliente_29,Entregado,11482.33,15947.8,4465.469999999999
1703,2024-04-23,Vinilo de corte,Cliente_38,cancelado,11554.1,15822.2,4268.1
1704,2024-01-19,Vinilos,Cliente_26,cancelado,16743.47,23407.0,6663.529999999999
1705,2024-10-04,Tarjetas,Cliente_18,En proceso,28498.92,45072.6,16573.68
1706,2024-07-16,Lonas,Cliente_48,En proceso,27601.84,36094.57,8492.73
1707,2024-07-28,Tarjetas,Cliente_23,Entregado,35615.5,59310.74,23695.239999999998
1708,2024-09-08,Vinilo de corte,Cliente_4,cancelado,13537.98,18976.17,5438.189999999999
1709,2024-04-16,Lonas,Cliente_20,Entregado,37841.55,63933.28,26091.729999999996
1710,2024-05-17,Lonas,Cliente_2,En proceso,45209.52,68915.98,23706.46
1711,2024-04-01,Vinilo de corte,Cliente_41,En proceso,18030.21,24385.18,6354.970000000001
1712,2024-04-13,Lonas,Cliente_38,cancelado,43022.16,71612.75,28590.589999999997
1713,2024-06-05,Vinilos,Cliente_36,En proceso,47936.14,79035.53,31099.39
1714,2024-03-30,Vinilos,Cliente_3,Entregado,10291.1,16452.96,6161.859999999999
1715,2024-02-16,Tarjetas,Cliente_7,Entregado,20758.94,33615.19,12856.250000000004
1716,2024-03-27,Libros,Cliente_25,cancelado,23486.74,33224.25,9737.509999999998
1717,2024-05-13,Tarjetas,Cliente_4,En proceso,46674.63,81575.05,34900.420000000006
1718,2024-07-16,Vinilos,Cliente_24,Entregado,25209.33,45230.48,20021.15
1719,2024-01-10,Libros,Cliente_21,En proceso,36683.52,63775.32,27091.800000000003
1720,2024-03-26,Vinilo de corte,Cliente_21,Entregado,6707.76,9274.15,2566.3899999999994
1721,2024-07-09,Volantes,Cliente_14,En proceso,17792.38,31028.4,13236.02
1722,2024-04-19,Vinilos,Cliente_4,Entregado,44645.49,71298.95,26653.46
1723,2024-10-07,Vinilos,Cliente_14,Entregado,44929.75,63556.64,18626.89
1724,2024-06-28,Vinilo de corte,Cliente_49,Entregado,38650.86,65478.38,26827.519999999997
1725,2024-01-30,Lonas,Cliente_7,Entregado,42747.07,71906.64,29159.57
1726,2024-05-19,Lonas,Cliente_9,cancelado,22326.4,34417.48,12091.080000000002
1727,2024-10-02,Vinilos,Cliente_12,Entregado,46546.78,64110.95,17564.17
1728,2024-10-18,Volantes,Cliente_21,En proceso,15044.64,26917.29,11872.650000000001
1729,2024-05-14,Volantes,Cliente_21,En proceso,6299.08,10524.1,4225.02
1730,2024-07-16,Vinilos,Cliente_21,Entregado,35523.6,58608.44,23084.840000000004
1731,2024-04-26,Tarjetas,Cliente_8,cancelado,8475.27,11070.02,2594.75
1732,2024-02-12,Libros,Cliente_46,Entregado,19055.56,26731.05,7675.489999999998
1733,2024-04-30,Tarjetas,Cliente_5,cancelado,6266.26,8615.19,2348.9300000000003
1734,2024-08-30,Vinilos,Cliente_25,cancelado,27256.09,36539.4,9283.310000000001
1735,2024-08-01,Lonas,Cliente_45,Entregado,15795.14,25277.72,9482.580000000002
1736,2024-05-17,Libros,Cliente_15,cancelado,45617.45,70379.61,24762.160000000003
1737,2024-02-29,Tarjetas,Cliente_4,Entregado,26949.33,40735.81,13786.479999999996
1738,2024-08-05,Vinilo de corte,Cliente_16,En proceso,43962.93,74330.51,30367.579999999994
1739,2024-02-03,Libros,Cliente_26,En proceso,21322.57,34034.77,12712.199999999997
1740,2024-06-26,Tarjetas,Cliente_38,cancelado,17334.31,26415.26,9080.949999999997
1741,2024-09-21,Tarjetas,Cliente_42,Entregado,9318.45,15093.94,5775.49
1742,2024-03-12,Vinilo de corte,Cliente_34,Entregado,23731.06,36982.22,13251.16
1743,2024-04-24,Tarjetas,Cliente_19,Entregado,38397.86,53869.48,15471.620000000003
1744,2024-09-21,Vinilos,Cliente_46,Entregado,41059.45,65509.07,24449.620000000003
1745,2024-11-24,Tarjetas,Cliente_43,Entregado,6125.46,8275.26,2149.8
1746,2024-11-08,Vinilos,Cliente_24,Entregado,44124.04,57824.73,13700.690000000002
1747,2024-01-06,Vinilo de corte,Cliente_14,Entregado,19928.58,31421.15,11492.57
1748,2024-01-22,Volantes,Cliente_45,Entregado,12684.67,16905.27,4220.6
1749,2024-09-25,Vinilos,Cliente_42,Entregado,15772.54,23238.28,7465.739999999998
1750,2024-01-31,Tarjetas,Cliente_12,cancelado,29934.41,42637.95,12703.539999999997
1751,2024-09-21,Tarjetas,Cliente_34,Entregado,38155.89,64560.11,26404.22
1752,2024-02-17,Tarjetas,Cliente_19,Entregado,24359.57,37118.49,12758.919999999998
1753,2024-01-17,Lonas,Cliente_6,Entregado,48936.23,82429.05,33492.82
1754,2024-09-12,Vinilo de corte,Cliente_31,En proceso,40814.94,57274.3,16459.36
1755,2024-10-02,Vinilo de corte,Cliente_19,Entregado,35622.62,57390.29,21767.67
1756,2024-09-15,Libros,Cliente_42,Entregado,28252.6,47016.64,18764.04
1757,2024-05-02,Tarjetas,Cliente_41,En proceso,13288.22,23080.28,9792.06
1758,2024-08-18,Vinilo de corte,Cliente_22,Entregado,15432.3,27060.56,11628.260000000002
1759,2024-03-11,Volantes,Cliente_15,cancelado,7360.99,10293.86,2932.870000000001
1760,2024-04-13,Vinilos,Cliente_17,Entregado,47804.63,68743.86,20939.230000000003
1761,2024-11-27,Libros,Cliente_25,Entregado,25730.37,34395.14,8664.77
1762,2024-02-15,Volantes,Cliente_10,Entregado,34761.74,55653.18,20891.440000000002
1763,2024-05-03,Vinilo de corte,Cliente_27,cancelado,12972.27,21085.04,8112.77
1764,2024-07-29,Libros,Cliente_47,En proceso,39310.32,68074.43,28764.109999999993
1765,2024-06-12,Vinilo de corte,Cliente_18,cancelado,28152.97,42925.21,14772.239999999998
1766,2024-03-04,Lonas,Cliente_19,Entregado,21833.25,39291.12,17457.870000000003
1767,2024-11-03,Lonas,Cliente_13,Entregado,40048.88,69672.7,29623.82
1768,2024-07-21,Volantes,Cliente_26,Entregado,18721.68,32730.59,14008.91
1769,2024-10-17,Lonas,Cliente_34,Entregado,6774.53,11281.06,4506.53
1770,2024-06-04,Volantes,Cliente_30,Entregado,45242.31,76147.75,30905.440000000002
1771,2024-05-04,Vinilos,Cliente_40,Entregado,30873.62,55365.41,24491.790000000005
1772,2024-07-10,Vinilo de corte,Cliente_11,Entregado,9562.48,15615.2,6052.720000000001
1773,2024-05-16,Lonas,Cliente_6,cancelado,5662.51,7910.92,2248.41
1774,2024-08-26,Vinilo de corte,Cliente_40,Entregado,36850.57,54752.72,17902.15
1775,2024-07-25,Vinilo de corte,Cliente_20,Entregado,19313.46,34698.14,15384.68
1776,2024-06-25,Lonas,Cliente_10,Entregado,24795.37,32525.9,7730.5300000000025
1777,2024-09-13,Tarjetas,Cliente_35,cancelado,27476.18,42726.58,15250.400000000001
1778,2024-06-24,Lonas,Cliente_44,Entregado,13008.24,17443.53,4435.289999999999
1779,2024-10-14,Lonas,Cliente_49,Entregado,39429.52,62527.93,23098.410000000003
1780,2024-07-08,Tarjetas,Cliente_38,Entregado,13788.99,24680.21,10891.22
1781,2024-04-06,Tarjetas,Cliente_14,Entregado,9164.05,12080.14,2916.09
1782,2024-08-15,Vinilos,Cliente_10,En proceso,28498.5,46244.11,17745.61
1783,2024-11-20,Tarjetas,Cliente_47,Entregado,7807.22,12360.57,4553.349999999999
1784,2024-04-12,Libros,Cliente_11,Entregado,35895.62,60553.93,24658.309999999998
1785,2024-09-19,Libros,Cliente_17,cancelado,40004.21,58471.14,18466.93
1786,2024-02-27,Vinilo de corte,Cliente_20,Entregado,17617.25,29008.1,11390.849999999999
1787,2024-10-22,Libros,Cliente_21,Entregado,20471.98,28554.33,8082.350000000002
1788,2024-11-27,Volantes,Cliente_26,cancelado,29108.68,43604.68,14496.0
1789,2024-10-08,Lonas,Cliente_29,cancelado,48325.39,83223.32,34897.93000000001
1790,2024-01-13,Tarjetas,Cliente_6,cancelado,20331.53,36071.81,15740.279999999999
1791,2024-01-16,Volantes,Cliente_30,En proceso,36666.6,60495.94,23829.340000000004
1792,2024-05-29,Tarjetas,Cliente_7,En proceso,20486.0,28563.26,8077.259999999998
1793,2024-08-24,Vinilo de corte,Cliente_33,cancelado,34797.04,60932.82,26135.78
1794,2024-12-07,Libros,Cliente_48,cancelado,5599.92,9188.45,3588.5300000000007
1795,2024-07-20,Libros,Cliente_39,Entregado,15830.16,25920.54,10090.380000000001
1796,2024-11-30,Lonas,Cliente_4,Entregado,35298.98,51818.69,16519.71
1797,2024-03-24,Vinilo de corte,Cliente_18,cancelado,46922.81,71679.98,24757.17
1798,2024-06-17,Tarjetas,Cliente_6,En proceso,24310.17,36671.57,12361.400000000001
1799,2024-03-13,Lonas,Cliente_16,Entregado,28001.26,46406.58,18405.320000000003
1800,2024-10-22,Tarjetas,Cliente_30,cancelado,5404.65,9213.24,3808.59
1801,2024-05-20,Tarjetas,Cliente_32,Entregado,49696.35,79797.0,30100.65
1802,2024-07-05,Volantes,Cliente_13,Entregado,30502.88,39799.75,9296.869999999999
1803,2024-04-21,Volantes,Cliente_40,Entregado,7501.64,10873.76,3372.12
1804,2024-09-12,Vinilos,Cliente_2,Entregado,15091.27,23087.52,7996.25
1805,2024-02-21,Lonas,Cliente_8,cancelado,11950.22,19401.03,7450.8099999999995
1806,2024-04-13,Tarjetas,Cliente_30,Entregado,8350.48,11256.51,2906.0300000000007
1807,2024-11-22,Libros,Cliente_30,cancelado,12527.75,16683.87,4156.119999999999
1808,2024-06-01,Libros,Cliente_36,En proceso,27317.06,47415.68,20098.62
1809,2024-11-12,Libros,Cliente_49,Entregado,25391.44,35373.2,9981.759999999998
1810,2024-10-05,Volantes,Cliente_36,En proceso,16794.22,28832.42,12038.199999999997
1811,2024-05-07,Volantes,Cliente_18,Entregado,20008.03,32104.76,12096.73
1812,2024-01-23,Vinilos,Cliente_36,Entregado,15395.51,26159.79,10764.28
1813,2024-02-28,Vinilo de corte,Cliente_29,Entregado,48994.4,74049.62,25055.219999999994
1814,2024-05-24,Lonas,Cliente_14,cancelado,21966.13,29097.98,7131.8499999999985
1815,2024-08-25,Vinilo de corte,Cliente_32,Entregado,24537.46,35223.66,10686.200000000004
1816,2024-11-12,Libros,Cliente_7,cancelado,29916.45,41027.51,11111.060000000001
1817,2024-12-26,Libros,Cliente_7,cancelado,16240.25,27276.53,11036.279999999999
1818,2024-03-24,Tarjetas,Cliente_48,cancelado,34357.71,45155.9,10798.190000000002
1819,2024-07-13,Libros,Cliente_6,En proceso,13088.74,17814.68,4725.9400000000005
1820,2024-04-12,Lonas,Cliente_34,Entregado,14868.23,22855.26,7987.029999999999
1821,2024-01-06,Libros,Cliente_43,Entregado,39100.48,67150.05,28049.57
1822,2024-01-13,Lonas,Cliente_10,Entregado,17735.93,29216.78,11480.849999999999
1823,2024-09-02,Vinilos,Cliente_16,Entregado,38684.13,63424.67,24740.54
1824,2024-03-29,Vinilo de corte,Cliente_17,En proceso,23714.03,39941.69,16227.660000000003
1825,2024-11-18,Vinilos,Cliente_35,cancelado,33614.81,47154.87,13540.060000000005
1826,2024-04-13,Vinilo de corte,Cliente_19,Entregado,17507.46,26146.86,8639.400000000001
1827,2024-07-29,Vinilos,Cliente_23,Entregado,10571.99,16920.82,6348.83
1828,2024-05-30,Tarjetas,Cliente_24,Entregado,23849.55,31354.18,7504.630000000001
1829,2024-08-16,Tarjetas,Cliente_42,Entregado,19937.46,29222.53,9285.07
1830,2024-01-27,Vinilos,Cliente_17,En proceso,27101.5,47468.48,20366.980000000003
1831,2024-09-20,Libros,Cliente_21,Entregado,8673.31,13871.8,5198.49
1832,2024-01-22,Vinilo de corte,Cliente_30,En proceso,49950.72,67995.31,18044.589999999997
1833,2024-11-28,Vinilos,Cliente_30,En proceso,42909.22,61811.91,18902.690000000002
1834,2024-05-04,Lonas,Cliente_22,En proceso,20453.88,30140.77,9686.89
1835,2024-10-25,Libros,Cliente_1,cancelado,49316.56,84748.72,35432.16
1836,2024-04-11,Vinilos,Cliente_50,Entregado,31707.08,51204.65,19497.57
1837,2024-05-30,Libros,Cliente_23,Entregado,28424.19,37471.19,9047.000000000004
1838,2024-08-27,Volantes,Cliente_49,Entregado,5783.7,8059.32,2275.62
1839,2024-08-24,Vinilo de corte,Cliente_45,Entregado,49485.23,87188.9,37703.66999999999
1840,2024-01-29,Lonas,Cliente_41,Entregado,7245.75,10930.58,3684.83
1841,2024-09-13,Lonas,Cliente_46,En proceso,39827.05,59572.51,19745.46
1842,2024-09-08,Vinilos,Cliente_37,Entregado,7285.31,11464.77,4179.46
1843,2024-08-05,Tarjetas,Cliente_48,Entregado,26608.98,36574.26,9965.280000000002
1844,2024-03-04,Libros,Cliente_36,cancelado,19105.03,32785.12,13680.090000000004
1845,2024-04-01,Vinilos,Cliente_22,Entregado,15914.2,22480.84,6566.639999999999
1846,2024-03-12,Lonas,Cliente_5,Entregado,12966.56,18447.9,5481.340000000002
1847,2024-03-21,Volantes,Cliente_31,cancelado,11450.76,15520.93,4070.17
1848,2024-03-09,Libros,Cliente_37,Entregado,33451.98,43569.41,10117.43
1849,2024-08-22,Tarjetas,Cliente_26,Entregado,20327.75,29317.8,8990.05
1850,2024-03-05,Lonas,Cliente_38,En proceso,8239.76,13960.89,5721.129999999999
1851,2024-01-15,Volantes,Cliente_17,Entregado,11289.8,17367.02,6077.220000000001
1852,2024-07-31,Libros,Cliente_30,cancelado,15210.78,23439.85,8229.069999999998
1853,2024-11-20,Libros,Cliente_39,Entregado,22357.42,30254.88,7897.460000000003
1854,2024-08-20,Vinilo de corte,Cliente_23,Entregado,7689.81,12344.47,4654.659999999999
1855,2024-08-13,Volantes,Cliente_35,Entregado,16841.8,29735.67,12893.869999999999
1856,2024-10-12,Vinilos,Cliente_42,Entregado,45388.03,60444.23,15056.200000000004
1857,2024-11-20,Libros,Cliente_13,Entregado,36983.43,48812.2,11828.769999999997
1858,2024-11-29,Lonas,Cliente_18,Entregado,24560.42,43466.4,18905.980000000003
1859,2024-06-26,Volantes,Cliente_38,Entregado,27492.08,38809.1,11317.019999999997
1860,2024-11-02,Volantes,Cliente_49,Entregado,39250.73,69945.55,30694.82
1861,2024-12-08,Lonas,Cliente_41,Entregado,11814.82,21150.66,9335.84
1862,2024-04-28,Volantes,Cliente_29,En proceso,32396.49,43346.78,10950.289999999997
1863,2024-12-05,Tarjetas,Cliente_42,cancelado,9945.48,15935.93,5990.450000000001
1864,2024-09-11,Vinilos,Cliente_23,cancelado,48453.95,81845.09,33391.14
1865,2024-06-17,Lonas,Cliente_23,Entregado,30017.62,44292.94,14275.320000000003
1866,2024-09-23,Volantes,Cliente_23,Entregado,47051.07,64341.52,17290.449999999997
1867,2024-04-05,Vinilo de corte,Cliente_23,Entregado,8368.36,13151.45,4783.09
1868,2024-03-20,Lonas,Cliente_14,Entregado,15322.42,23599.58,8277.160000000002
1869,2024-07-12,Libros,Cliente_6,Entregado,15861.39,27439.96,11578.57
1870,2024-09-28,Tarjetas,Cliente_7,Entregado,19825.43,30266.16,10440.73
1871,2024-04-07,Libros,Cliente_2,cancelado,11116.24,17339.39,6223.15
1872,2024-03-24,Vinilos,Cliente_5,cancelado,5586.95,8445.98,2859.0299999999997
1873,2024-11-01,Vinilos,Cliente_22,Entregado,7118.13,12716.54,5598.410000000001
1874,2024-06-09,Libros,Cliente_29,Entregado,16189.14,23217.19,7028.049999999999
1875,2024-11-05,Vinilo de corte,Cliente_35,cancelado,12959.58,22130.85,9171.269999999999
1876,2024-10-02,Volantes,Cliente_48,En proceso,29237.35,41464.37,12227.020000000004
1877,2024-03-02,Volantes,Cliente_33,Entregado,49552.69,73851.63,24298.940000000002
1878,2024-03-29,Vinilo de corte,Cliente_49,Entregado,32854.9,47326.55,14471.650000000001
1879,2024-04-10,Vinilos,Cliente_35,Entregado,23935.93,40140.51,16204.580000000002
1880,2024-01-17,Tarjetas,Cliente_20,Entregado,11058.55,16085.85,5027.300000000001
1881,2024-12-14,Vinilo de corte,Cliente_3,Entregado,12614.91,21054.98,8440.07
1882,2024-06-28,Lonas,Cliente_36,Entregado,7535.98,10531.54,2995.5600000000013
1883,2024-12-27,Libros,Cliente_46,cancelado,7192.23,11032.68,3840.4500000000007
1884,2024-12-01,Libros,Cliente_7,Entregado,49232.33,86285.27,37052.94
1885,2024-07-17,Libros,Cliente_37,cancelado,30646.57,41351.15,10704.580000000002
1886,2024-07-16,Vinilo de corte,Cliente_22,Entregado,17215.14,25034.92,7819.779999999999
1887,2024-06-23,Lonas,Cliente_29,Entregado,16251.7,29141.28,12889.579999999998
1888,2024-05-04,Vinilos,Cliente_36,En proceso,11449.94,16084.36,4634.42
1889,2024-11-03,Vinilos,Cliente_24,Entregado,40382.35,64410.83,24028.480000000003
1890,2024-10-17,Libros,Cliente_24,En proceso,48955.61,65836.02,16880.410000000003
1891,2024-04-12,Volantes,Cliente_4,Entregado,38023.48,61583.5,23560.019999999997
1892,2024-05-16,Tarjetas,Cliente_29,Entregado,46066.0,77802.13,31736.130000000005
1893,2024-03-16,Libros,Cliente_46,Entregado,30783.44,41247.39,10463.95
1894,2024-02-01,Tarjetas,Cliente_45,cancelado,41757.06,57391.89,15634.830000000002
1895,2024-06-03,Volantes,Cliente_7,En proceso,46268.87,61392.38,15123.509999999995
1896,2024-06-26,Vinilos,Cliente_11,Entregado,42253.03,66075.87,23822.839999999997
1897,2024-10-18,Vinilo de corte,Cliente_2,En proceso,13010.02,22090.39,9080.369999999999
1898,2024-12-18,Volantes,Cliente_1,En proceso,23757.35,35996.17,12238.82
1899,2024-02-24,Libros,Cliente_37,Entregado,33251.73,53243.81,19992.079999999994
1900,2024-04-11,Tarjetas,Cliente_6,En proceso,44813.62,71294.25,26480.629999999997
1901,2024-09-15,Vinilo de corte,Cliente_15,Entregado,38716.03,60729.8,22013.770000000004
1902,2024-07-09,Vinilos,Cliente_13,Entregado,11719.2,17310.32,5591.119999999999
1903,2024-12-09,Volantes,Cliente_21,Entregado,44323.75,72459.05,28135.300000000003
1904,2024-03-18,Vinilo de corte,Cliente_48,Entregado,37200.47,58178.23,20977.760000000002
1905,2024-02-28,Lonas,Cliente_40,Entregado,15836.66,27913.53,12076.869999999999
1906,2024-06-27,Vinilo de corte,Cliente_24,cancelado,39707.52,52113.07,12405.550000000003
1907,2024-07-08,Vinilo de corte,Cliente_4,Entregado,38917.02,51179.26,12262.240000000005
1908,2024-09-06,Volantes,Cliente_9,Entregado,39871.81,57540.62,17668.810000000005
1909,2024-11-17,Vinilo de corte,Cliente_49,Entregado,11832.46,15819.05,3986.59
1910,2024-06-19,Tarjetas,Cliente_23,Entregado,49074.12,67889.92,18815.799999999996
1911,2024-02-21,Vinilos,Cliente_15,Entregado,38190.47,51523.23,13332.760000000002
1912,2024-07-05,Vinilo de corte,Cliente_15,Entregado,25727.12,35652.1,9924.98
1913,2024-03-19,Tarjetas,Cliente_17,cancelado,28119.52,50042.8,21923.280000000002
1914,2024-05-12,Lonas,Cliente_9,Entregado,31229.44,49340.37,18110.930000000004
1915,2024-09-08,Tarjetas,Cliente_20,Entregado,14837.55,20787.15,5949.600000000002
1916,2024-07-29,Lonas,Cliente_44,cancelado,24069.93,37056.51,12986.580000000002
1917,2024-10-17,Vinilo de corte,Cliente_7,cancelado,47401.92,83695.71,36293.79000000001
1918,2024-03-06,Tarjetas,Cliente_7,En proceso,28435.92,49212.36,20776.440000000002
1919,2024-05-11,Vinilos,Cliente_40,Entregado,15800.58,26076.84,10276.26
1920,2024-03-05,Vinilos,Cliente_49,Entregado,49897.92,66867.33,16969.410000000003
1921,2024-09-07,Vinilos,Cliente_32,cancelado,28600.57,45221.75,16621.18
1922,2024-11-22,Tarjetas,Cliente_46,Entregado,41756.05,68836.18,27080.12999999999
1923,2024-05-11,Lonas,Cliente_6,Entregado,5295.16,7118.65,1823.4899999999998
1924,2024-04-05,Tarjetas,Cliente_35,cancelado,43796.34,70437.82,26641.48000000001
1925,2024-08-23,Tarjetas,Cliente_30,Entregado,34157.21,59681.13,25523.92
1926,2024-01-29,Lonas,Cliente_14,Entregado,39298.95,56067.42,16768.47
1927,2024-09-21,Lonas,Cliente_11,Entregado,32356.69,49404.94,17048.250000000004
1928,2024-10-31,Tarjetas,Cliente_39,En proceso,23116.95,40946.75,17829.8
1929,2024-07-17,Vinilo de corte,Cliente_40,Entregado,46895.09,75456.04,28560.949999999997
1930,2024-08-10,Vinilos,Cliente_26,Entregado,19981.24,33450.47,13469.23
1931,2024-02-14,Lonas,Cliente_10,Entregado,43518.71,71836.93,28318.219999999994
1932,2024-11-20,Volantes,Cliente_33,Entregado,23322.01,37124.34,13802.329999999998
1933,2024-11-25,Volantes,Cliente_13,Entregado,33527.08,48007.13,14480.049999999996
1934,2024-05-02,Volantes,Cliente_46,En proceso,23670.0,39104.47,15434.470000000001
1935,2024-10-24,Volantes,Cliente_41,Entregado,45096.15,65703.49,20607.340000000004
1936,2024-01-09,Lonas,Cliente_31,Entregado,31689.18,44120.99,12431.809999999998
1937,2024-10-22,Vinilo de corte,Cliente_29,En proceso,5330.15,7719.79,2389.6400000000003
1938,2024-11-18,Libros,Cliente_33,Entregado,26491.89,42376.7,15884.809999999998
1939,2024-07-12,Vinilo de corte,Cliente_27,Entregado,41652.46,61176.46,19524.0
1940,2024-03-24,Libros,Cliente_4,Entregado,5126.6,6684.6,1558.0
1941,2024-04-16,Lonas,Cliente_48,Entregado,29307.71,52209.18,22901.47
1942,2024-08-19,Vinilos,Cliente_11,En proceso,12973.28,17566.14,4592.859999999999
1943,2024-07-24,Vinilo de corte,Cliente_18,Entregado,30113.42,43249.65,13136.230000000003
1944,2024-07-05,Volantes,Cliente_24,Entregado,9158.57,16138.26,6979.6900000000005
1945,2024-03-16,Tarjetas,Cliente_31,Entregado,33485.06,51024.31,17539.25
1946,2024-06-06,Vinilo de corte,Cliente_33,Entregado,32625.47,47414.26,14788.79
1947,2024-03-12,Lonas,Cliente_12,Entregado,46924.71,74813.88,27889.170000000006
1948,2024-04-05,Lonas,Cliente_35,cancelado,25307.34,44830.28,19522.94
1949,2024-12-21,Libros,Cliente_46,Entregado,49628.1,89005.15,39377.049999999996
1950,2024-09-06,Vinilo de corte,Cliente_31,Entregado,11542.2,15785.67,4243.469999999999
1951,2024-06-06,Vinilos,Cliente_16,cancelado,27898.24,42287.85,14389.609999999997
1952,2024-11-12,Libros,Cliente_33,Entregado,36167.52,49824.28,13656.760000000002
1953,2024-05-15,Libros,Cliente_48,Entregado,9587.93,16935.06,7347.130000000001
1954,2024-04-30,Volantes,Cliente_45,cancelado,30321.82,46024.1,15702.279999999999
1955,2024-09-01,Lonas,Cliente_21,cancelado,38818.96,66684.04,27865.079999999994
1956,2024-06-26,Volantes,Cliente_11,Entregado,5691.2,9534.64,3843.4399999999996
1957,2024-12-13,Tarjetas,Cliente_6,Entregado,42195.39,67372.9,25177.509999999995
1958,2024-11-13,Libros,Cliente_40,Entregado,13157.31,19348.58,6191.270000000002
1959,2024-12-31,Libros,Cliente_34,cancelado,45963.09,60271.83,14308.740000000005
1960,2024-11-13,Vinilo de corte,Cliente_41,Entregado,22104.34,29716.95,7612.610000000001
1961,2024-12-13,Vinilos,Cliente_21,cancelado,7686.13,13654.18,5968.05
1962,2024-05-17,Libros,Cliente_23,cancelado,23648.65,32760.41,9111.759999999998
1963,2024-03-20,Vinilo de corte,Cliente_6,Entregado,34541.98,60248.2,25706.219999999994
1964,2024-12-23,Vinilo de corte,Cliente_31,Entregado,8278.67,11752.07,3473.3999999999996
1965,2024-01-31,Libros,Cliente_24,Entregado,34932.13,51320.4,16388.270000000004
1966,2024-03-02,Volantes,Cliente_42,Entregado,38713.75,50424.56,11710.809999999998
1967,2024-12-13,Tarjetas,Cliente_36,Entregado,25407.99,43110.9,17702.91
1968,2024-12-31,Vinilos,Cliente_49,En proceso,11212.12,18670.61,7458.49
1969,2024-04-23,Vinilos,Cliente_22,Entregado,33423.08,44011.43,10588.349999999999
1970,2024-03-27,Libros,Cliente_11,Entregado,17332.63,30331.44,12998.809999999998
1971,2024-10-27,Vinilos,Cliente_27,En proceso,38187.63,53429.11,15241.480000000003
1972,2024-03-26,Lonas,Cliente_45,Entregado,31559.19,50970.03,19410.84
1973,2024-10-05,Vinilo de corte,Cliente_24,Entregado,44229.35,62457.84,18228.489999999998
1974,2024-12-09,Tarjetas,Cliente_19,En proceso,23367.76,40534.39,17166.63
1975,2024-12-07,Libros,Cliente_16,Entregado,20648.78,27005.05,6356.27
1976,2024-08-19,Volantes,Cliente_10,cancelado,30953.39,54366.4,23413.010000000002
1977,2024-12-26,Tarjetas,Cliente_24,En proceso,17733.58,28088.01,10354.429999999997
1978,2024-04-07,Libros,Cliente_15,cancelado,49374.5,73367.58,23993.08
1979,2024-08-01,Lonas,Cliente_49,Entregado,22240.74,38429.52,16188.779999999995
1980,2024-08-17,Vinilo de corte,Cliente_16,Entregado,34105.51,55282.59,21177.079999999994
1981,2024-06-25,Vinilos,Cliente_14,En proceso,44759.34,62197.64,17438.300000000003
1982,2024-12-29,Libros,Cliente_2,Entregado,42923.34,67141.48,24218.14
1983,2024-08-20,Tarjetas,Cliente_42,cancelado,23774.69,35513.24,11738.55
1984,2024-03-16,Lonas,Cliente_48,Entregado,12198.61,17183.65,4985.040000000001
1985,2024-05-07,Libros,Cliente_12,Entregado,40203.52,66756.77,26553.250000000007
1986,2024-02-09,Volantes,Cliente_44,Entregado,20762.36,30336.37,9574.009999999998
1987,2024-02-07,Tarjetas,Cliente_35,Entregado,16553.56,27835.78,11282.219999999998
1988,2024-05-20,Volantes,Cliente_33,Entregado,35256.77,50253.07,14996.300000000003
1989,2024-11-19,Lonas,Cliente_18,Entregado,40542.81,55037.68,14494.870000000003
1990,2024-09-26,Volantes,Cliente_4,Entregado,40567.67,59826.23,19258.560000000005
1991,2024-09-02,Vinilos,Cliente_13,Entregado,6509.39,10454.94,3945.55
1992,2024-12-21,Vinilos,Cliente_19,cancelado,49767.47,71989.04,22221.569999999992
1993,2024-07-15,Tarjetas,Cliente_30,Entregado,18720.18,30274.89,11554.71
1994,2024-04-26,Libros,Cliente_26,Entregado,9469.41,13899.33,4429.92
1995,2024-09-10,Tarjetas,Cliente_24,Entregado,40151.11,65519.74,25368.629999999997
1996,2024-01-29,Lonas,Cliente_18,Entregado,43650.66,70016.25,26365.589999999997
1997,2024-08-03,Libros,Cliente_42,Entregado,45387.49,71879.71,26492.22000000001
1998,2024-03-19,Lonas,Cliente_5,En proceso,12260.06,16215.18,3955.120000000001
1999,2024-11-27,Vinilo de corte,Cliente_35,Entregado,12077.43,16313.21,4235.779999999999
